"participantid","ppt_included","block","trialnumber_withinblock","shape","location_deviant","deviant_type","orientation","validtrial","sumvalidtrials_overall","proponscreen_shapes_on_1","proponscreen_shapes_on_2","shape_w_duck_car","gaze_topright_2","gaze_bottomleft_3","gaze_bottomright_4","gaze_centre","gaze_onscreen_elsewhere","gaze_nogaze","gaze_topleft_1","gaze_offscreen","total_dwell_shapes","total_dwell_deviant","prop_look_dev"
101,1,1,1,"square",1,1,5,1,17,1,0.933333333333333,"square",109,39,45,28,10,8,0,0,193,0,0
101,1,1,2,"object",3,1,25,1,17,1,1,"car",37,162,0,16,24,0,0,0,199,162,0.814070351758794
101,1,1,3,"isosceles_triangle",3,1,5,1,17,1,0.941666666666667,"isosceles_triangle",149,0,37,30,16,7,0,0,186,0,0
101,1,1,4,"rhombus",4,1,25,1,17,0.92436974789916,0.975,"rhombus",54,46,49,33,4,12,41,0,190,49,0.257894736842105
101,1,1,5,"pentagon",1,1,5,1,17,1,0.95,"pentagon",119,0,47,22,2,6,44,0,210,44,0.20952380952381
101,1,1,6,"equilateral_triangle",2,1,25,1,17,1,0.933333333333333,"equilateral_triangle",141,0,25,28,2,8,35,0,201,141,0.701492537313433
101,1,2,1,"square",2,2,5,1,17,1,0.941666666666667,"square",125,0,41,25,1,7,40,0,206,125,0.606796116504854
101,1,2,2,"object",2,2,25,1,17,0.974789915966387,0.958333333333333,"duck",45,116,0,11,7,8,52,0,213,45,0.211267605633803
101,1,2,3,"isosceles_triangle",4,2,5,1,17,1,0.95,"isosceles_triangle",68,0,26,17,21,6,101,0,195,26,0.133333333333333
101,1,2,4,"rhombus",3,2,25,1,17,1,1,"rhombus",78,110,0,33,19,0,0,0,188,110,0.585106382978723
101,1,2,5,"pentagon",1,2,5,1,17,0.949579831932773,0.958333333333333,"pentagon",121,0,34,29,9,11,35,0,190,35,0.184210526315789
101,1,2,6,"equilateral_triangle",3,2,25,1,17,0.949579831932773,1,"equilateral_triangle",179,0,0,15,2,6,38,0,217,0,0
101,1,3,1,"square",3,1,355,1,17,0.974789915966387,1,"square",107,31,0,29,5,3,64,0,202,31,0.153465346534653
101,1,3,2,"object",0,1,325,0,17,0.957983193277311,1,"car",59,42,54,10,14,5,55,0,210,NA,NA
101,1,3,3,"isosceles_triangle",1,1,355,1,17,1,1,"isosceles_triangle",68,73,0,7,29,0,62,0,203,62,0.305418719211823
101,1,3,4,"rhombus",2,1,325,1,17,0.949579831932773,1,"rhombus",119,0,20,25,16,6,53,0,192,119,0.619791666666667
101,1,3,5,"pentagon",1,1,355,1,17,0.899159663865546,1,"pentagon",149,25,0,23,25,12,5,0,179,5,0.0279329608938547
101,1,3,6,"equilateral_triangle",4,1,325,1,17,0.873949579831933,0.867768595041322,"equilateral_triangle",139,0,0,21,20,31,29,0,168,0,0
102,1,1,1,"square",2,1,25,1,10,1,0.991666666666667,"square",43,78,0,28,21,1,68,0,189,43,0.227513227513228
102,1,1,2,"equilateral_triangle",1,1,5,1,10,1,1,"equilateral_triangle",41,53,25,29,15,0,77,0,196,77,0.392857142857143
102,1,1,3,"object",0,1,25,0,10,0.991596638655462,0.991666666666667,"car",58,24,77,26,15,1,37,1,196,NA,NA
102,1,1,4,"pentagon",3,1,5,1,10,0.899159663865546,1,"pentagon",4,56,29,30,47,11,61,1,150,56,0.373333333333333
102,1,1,5,"rhombus",2,1,25,1,10,0.991596638655462,0.925,"rhombus",24,48,30,25,50,10,52,0,154,24,0.155844155844156
102,1,1,6,"isosceles_triangle",1,1,5,1,10,1,0.991666666666667,"isosceles_triangle",62,35,30,24,23,1,64,0,191,64,0.335078534031414
102,1,2,1,"square",3,2,355,0,10,0.378151260504202,0.916666666666667,"square",62,0,0,26,17,84,50,0,112,0,0
102,1,2,2,"equilateral_triangle",4,2,325,1,10,1,0.766666666666667,"equilateral_triangle",92,0,0,0,60,16,59,12,151,0,0
102,1,2,3,"object",2,2,355,1,10,0.92436974789916,0.85,"duck",31,111,24,6,40,25,0,2,166,31,0.186746987951807
102,1,2,4,"pentagon",2,2,325,1,10,1,0.766666666666667,"pentagon",13,112,20,28,38,11,0,17,145,13,0.0896551724137931
102,1,2,5,"rhombus",3,2,355,1,10,0.932773109243697,1,"rhombus",0,127,0,27,17,0,60,8,187,127,0.679144385026738
102,1,2,6,"isosceles_triangle",4,2,325,1,10,0.957983193277311,0.87603305785124,"isosceles_triangle",61,54,1,19,34,20,51,0,167,1,0.00598802395209581
103,1,1,1,"square",2,1,25,1,18,1,1,"square",65,124,0,29,21,0,0,0,189,65,0.343915343915344
103,1,1,2,"equilateral_triangle",1,1,5,1,18,1,1,"equilateral_triangle",135,18,0,7,41,0,38,0,191,38,0.198952879581152
103,1,1,3,"object",0,1,25,0,18,1,0.875,"car",96,0,62,4,11,1,51,14,209,NA,NA
103,1,1,4,"pentagon",3,1,5,1,18,1,1,"pentagon",108,0,120,9,2,0,0,0,228,0,0
103,1,1,5,"rhombus",2,1,25,1,18,1,0.941666666666667,"rhombus",120,0,81,3,28,0,0,7,201,120,0.597014925373134
103,1,1,6,"isosceles_triangle",1,1,5,1,18,1,1,"isosceles_triangle",149,0,71,5,14,0,0,0,220,0,0
103,1,2,1,"square",3,2,355,1,18,1,1,"square",102,56,46,7,9,0,19,0,223,56,0.251121076233184
103,1,2,2,"equilateral_triangle",4,2,325,1,18,1,1,"equilateral_triangle",123,0,106,4,6,0,0,0,229,106,0.462882096069869
103,1,2,3,"object",2,2,355,1,18,1,1,"duck",47,48,77,3,7,0,57,0,229,47,0.205240174672489
103,1,2,4,"pentagon",2,2,325,1,18,0.974789915966387,0.537190082644628,"pentagon",57,0,84,4,36,20,0,39,141,57,0.404255319148936
103,1,2,5,"rhombus",3,2,355,1,18,1,0.641666666666667,"rhombus",89,0,72,4,31,5,0,38,161,0,0
103,1,2,6,"isosceles_triangle",4,2,325,1,18,0.789915966386555,0.633333333333333,"isosceles_triangle",86,0,69,5,10,3,0,66,155,69,0.445161290322581
103,1,3,1,"square",4,1,325,1,18,0.941176470588235,0.933333333333333,"square",57,0,145,7,15,0,0,15,202,145,0.717821782178218
103,1,3,2,"equilateral_triangle",3,1,355,1,18,1,0.566666666666667,"equilateral_triangle",58,0,75,7,48,0,0,52,133,0,0
103,1,3,3,"object",3,1,325,1,18,1,1,"car",50,111,52,4,15,0,7,0,220,111,0.504545454545455
103,1,3,4,"pentagon",1,1,355,1,18,0.915966386554622,0.644628099173554,"pentagon",78,0,77,4,28,0,0,53,155,0,0
103,1,3,5,"rhombus",4,1,325,1,18,1,1,"rhombus",220,0,0,4,15,0,0,0,220,0,0
103,1,3,6,"isosceles_triangle",3,1,355,0,18,1,0.355371900826446,"isosceles_triangle",86,0,66,3,7,0,0,78,152,0,0
103,1,4,1,"square",1,2,5,1,18,1,0.869918699186992,"square",76,0,92,8,50,0,0,16,168,0,0
103,1,4,2,"equilateral_triangle",2,2,25,0,18,1,0.379310344827586,"equilateral_triangle",86,0,61,9,7,66,0,6,147,86,0.585034013605442
103,1,4,3,"object",4,2,5,0,18,0,0,"duck",0,0,0,0,0,234,0,0,0,0,NA
103,1,4,4,"pentagon",4,2,25,1,18,0.826446280991736,0.55,"pentagon",85,60,0,1,20,75,0,0,145,0,0
103,1,4,5,"rhombus",1,2,5,0,18,0.933333333333333,0,"rhombus",0,37,14,23,38,123,0,1,51,0,0
103,1,4,6,"isosceles_triangle",2,2,25,0,18,0.92436974789916,0,"isosceles_triangle",39,0,0,9,5,6,57,123,96,39,0.40625
104,0,1,1,"square",3,2,355,1,10,0.882352941176471,0.916666666666667,"square",73,0,103,0,39,0,0,24,176,0,0
104,0,1,2,"isosceles_triangle",4,2,325,1,10,0.823529411764706,0.516666666666667,"isosceles_triangle",55,19,0,45,28,21,13,58,87,0,0
104,0,1,3,"pentagon",1,2,355,1,10,0.848739495798319,0.783333333333333,"pentagon",43,54,0,41,44,44,13,0,110,13,0.118181818181818
104,0,1,4,"object",3,2,325,1,10,0.983333333333333,1,"car",107,20,39,7,19,2,46,0,212,20,0.0943396226415094
104,0,1,5,"equilateral_triangle",3,2,355,0,10,0.378151260504202,0.375,"equilateral_triangle",0,0,32,21,18,6,19,143,51,0,0
104,0,1,6,"rhombus",4,2,325,0,10,0.781512605042017,0.458333333333333,"rhombus",0,38,43,50,2,9,15,82,96,43,0.447916666666667
104,0,2,1,"square",4,1,325,1,10,0.596638655462185,0.541666666666667,"square",50,1,0,47,37,8,1,95,52,0,0
104,0,2,2,"isosceles_triangle",3,1,355,0,10,0.915966386554622,0.491666666666667,"isosceles_triangle",31,1,0,63,41,10,32,61,64,1,0.015625
104,0,2,3,"pentagon",2,1,325,1,10,0.764705882352941,0.776859504132231,"pentagon",35,4,37,63,11,38,35,17,111,35,0.315315315315315
104,0,2,4,"object",2,1,355,1,10,1,1,"duck",93,0,45,3,16,0,82,0,220,93,0.422727272727273
104,0,2,5,"equilateral_triangle",4,1,325,1,10,0.697478991596639,0.743589743589744,"equilateral_triangle",1,0,1,50,36,38,82,28,84,1,0.0119047619047619
104,0,2,6,"rhombus",3,1,355,0,10,0.823529411764706,0.19327731092437,"rhombus",0,37,22,32,30,45,0,72,59,37,0.627118644067797
104,0,3,1,"square",1,2,5,1,10,0.899159663865546,0.71551724137931,"square",20,0,34,53,30,34,53,11,107,53,0.495327102803738
104,0,3,2,"isosceles_triangle",2,2,25,0,10,0.716666666666667,0,"isosceles_triangle",0,0,26,55,5,0,0,154,26,0,0
104,0,3,3,"pentagon",3,2,5,1,10,0.621848739495798,0.791666666666667,"pentagon",17,0,0,50,45,25,57,45,74,0,0
104,0,3,4,"object",0,2,25,0,10,1,1,"duck",0,0,114,17,24,0,84,0,198,NA,NA
104,0,3,5,"equilateral_triangle",1,2,5,0,10,0.983193277310924,0.3,"equilateral_triangle",35,0,52,59,7,85,0,1,87,0,0
104,0,3,6,"rhombus",2,2,25,0,10,0.529411764705882,0.308333333333333,"rhombus",2,1,2,39,16,99,40,40,45,2,0.0444444444444444
105,0,1,1,"square",4,2,325,1,3,0.899159663865546,0.504201680672269,"square",0,0,0,52,4,69,111,2,111,0,0
105,0,1,2,"rhombus",3,2,355,0,3,0.638655462184874,0.225806451612903,"rhombus",0,0,0,38,32,132,34,7,34,0,0
105,0,1,3,"equilateral_triangle",2,2,325,0,3,0.775862068965517,0.133333333333333,"equilateral_triangle",0,51,1,48,6,44,0,86,52,0,0
105,0,1,4,"isosceles_triangle",1,2,355,0,3,0.991596638655462,0,"isosceles_triangle",0,0,0,50,19,66,49,56,49,49,1
105,0,1,5,"object",0,2,325,0,3,1,1,"duck",16,0,0,7,16,0,200,0,216,NA,NA
105,0,1,6,"pentagon",3,2,355,1,3,0.957983193277311,0.853448275862069,"pentagon",0,81,0,35,21,21,76,1,157,81,0.515923566878981
105,0,2,1,"square",1,1,5,0,3,1,0,"square",0,43,0,48,2,119,26,0,69,26,0.376811594202899
105,0,2,2,"rhombus",2,1,25,0,3,0,0.267241379310345,"rhombus",0,0,0,0,3,199,28,2,28,0,0
105,0,2,3,"equilateral_triangle",3,1,5,0,3,0.865546218487395,0,"equilateral_triangle",1,0,0,83,19,133,0,1,1,0,0
105,0,2,4,"isosceles_triangle",4,1,25,0,3,0.352941176470588,1,"isosceles_triangle",0,1,0,41,15,0,105,77,106,0,0
105,0,2,5,"object",2,1,5,1,3,1,1,"car",34,55,0,9,5,0,136,0,225,34,0.151111111111111
105,0,2,6,"pentagon",2,1,25,0,3,0.745762711864407,0,"pentagon",1,0,0,85,2,121,0,31,1,1,1
106,1,1,1,"square",4,2,325,1,15,0.831932773109244,0.6,"square",0,34,29,27,22,0,59,68,122,29,0.237704918032787
106,1,1,2,"rhombus",3,2,355,1,15,0.882352941176471,1,"rhombus",24,46,0,30,8,0,118,14,188,46,0.24468085106383
106,1,1,3,"equilateral_triangle",2,2,325,1,15,1,0.541666666666667,"equilateral_triangle",0,0,65,30,2,0,87,55,152,0,0
106,1,1,4,"isosceles_triangle",1,2,355,1,15,0.840336134453782,0.752066115702479,"isosceles_triangle",0,62,0,6,2,0,121,49,183,121,0.66120218579235
106,1,1,5,"object",0,2,325,0,15,1,1,"duck",24,11,89,7,19,0,89,0,213,NA,NA
106,1,1,6,"pentagon",3,2,355,1,15,0.966386554621849,0.845528455284553,"pentagon",76,0,0,29,14,23,100,0,176,0,0
106,1,2,1,"square",1,1,5,1,15,0.739495798319328,0.75,"square",0,32,27,25,19,0,75,61,134,75,0.559701492537313
106,1,2,2,"rhombus",2,1,25,0,15,0.672268907563025,0.175,"rhombus",0,17,21,30,19,1,14,137,52,0,0
106,1,2,3,"equilateral_triangle",3,1,5,1,15,0.675,0.620689655172414,"equilateral_triangle",0,0,109,40,4,20,0,63,109,0,0
106,1,2,4,"isosceles_triangle",4,1,25,1,15,1,0.9,"isosceles_triangle",75,23,16,10,35,0,68,12,182,16,0.0879120879120879
106,1,2,5,"object",2,1,5,1,15,1,1,"car",102,33,55,1,6,0,43,0,233,102,0.437768240343348
106,1,2,6,"pentagon",2,1,25,1,15,0.73109243697479,0.85,"pentagon",0,1,46,32,49,21,61,29,108,0,0
106,1,3,1,"square",2,2,25,1,15,0.53781512605042,0.925,"square",23,26,11,25,44,6,46,58,106,23,0.216981132075472
106,1,3,2,"rhombus",1,2,5,1,15,0.781512605042017,1,"rhombus",63,0,34,25,32,1,59,25,156,59,0.378205128205128
106,1,3,3,"equilateral_triangle",4,2,25,0,15,0.258620689655172,0.0916666666666667,"equilateral_triangle",0,2,0,8,9,195,22,0,24,0,0
106,1,3,4,"isosceles_triangle",3,2,5,0,15,0.218487394957983,0,"isosceles_triangle",0,0,0,26,0,130,0,83,0,0,NA
106,1,3,5,"object",0,2,25,0,15,1,0.867768595041322,"duck",28,0,91,6,31,16,67,0,186,NA,NA
106,1,3,6,"pentagon",3,2,5,0,15,0.191304347826087,0,"pentagon",0,0,0,17,5,212,0,0,0,0,NA
106,1,4,1,"square",3,1,355,1,15,0.504132231404959,0.941666666666667,"square",0,53,39,0,82,21,0,46,92,53,0.576086956521739
106,1,4,2,"rhombus",4,1,325,0,15,0.65546218487395,0.41025641025641,"rhombus",33,19,0,0,74,92,0,18,52,0,0
106,1,4,3,"equilateral_triangle",1,1,355,0,15,0.186991869918699,0.504273504273504,"equilateral_triangle",1,0,0,0,6,105,75,53,76,75,0.986842105263158
106,1,4,4,"isosceles_triangle",2,1,325,1,15,0.697478991596639,0.758333333333333,"isosceles_triangle",26,0,42,26,50,1,30,64,98,26,0.26530612244898
106,1,4,5,"object",4,1,355,1,15,0.666666666666667,1,"car",52,10,62,2,40,40,34,0,158,62,0.392405063291139
106,1,4,6,"pentagon",4,1,325,0,15,0.512605042016807,0.0578512396694215,"pentagon",4,2,39,20,3,59,0,113,45,39,0.866666666666667
107,0,1,1,"isosceles_triangle",1,2,25,0,9,0.184873949579832,0.9,"isosceles_triangle",52,0,3,12,17,109,46,0,101,46,0.455445544554455
107,0,1,2,"object",3,2,5,1,9,1,1,"duck",29,78,0,15,8,0,109,0,216,78,0.361111111111111
107,0,1,3,"square",4,2,25,1,9,0.882352941176471,0.87603305785124,"square",39,0,0,10,1,29,161,0,200,0,0
107,0,1,4,"rhombus",3,2,5,1,9,1,1,"rhombus",60,0,67,12,9,0,91,0,218,0,0
107,0,1,5,"pentagon",1,2,25,1,9,0.907563025210084,1,"pentagon",40,1,0,4,5,11,178,0,219,178,0.812785388127854
107,0,1,6,"equilateral_triangle",2,2,5,1,9,0.941176470588235,0.933333333333333,"equilateral_triangle",0,0,76,39,27,15,82,0,158,0,0
107,0,2,1,"isosceles_triangle",2,1,355,0,9,0.915966386554622,0,"isosceles_triangle",0,1,0,38,21,130,49,0,50,0,0
107,0,2,2,"object",0,1,325,0,9,1,1,"car",73,1,24,4,42,0,96,0,194,NA,NA
107,0,2,3,"square",3,1,355,1,9,0.907563025210084,1,"square",41,0,0,7,1,11,179,0,220,0,0
107,0,2,4,"rhombus",1,1,325,1,9,0.92436974789916,1,"rhombus",33,0,0,3,3,9,192,0,225,192,0.853333333333333
107,0,2,5,"pentagon",2,1,355,1,9,1,0.983333333333333,"pentagon",0,0,33,32,2,2,170,0,203,0,0
107,0,2,6,"equilateral_triangle",4,1,325,1,9,0.983193277310924,0.933884297520661,"equilateral_triangle",0,21,0,29,3,10,177,0,198,0,0
108,1,1,1,"isosceles_triangle",1,2,25,0,14,0,0.886178861788618,"isosceles_triangle",26,40,0,1,16,133,26,0,92,26,0.282608695652174
108,1,1,2,"object",3,2,5,1,14,0.983193277310924,1,"duck",5,82,66,8,8,2,69,0,222,82,0.369369369369369
108,1,1,3,"square",4,2,25,0,14,1,0,"square",19,0,86,1,13,71,0,49,105,86,0.819047619047619
108,1,1,4,"rhombus",3,2,5,0,14,0,0.528455284552846,"rhombus",0,0,48,0,17,169,0,12,48,0,0
108,1,1,5,"pentagon",1,2,25,0,14,0,0,"pentagon",0,0,0,0,0,239,0,0,0,0,NA
108,1,1,6,"equilateral_triangle",2,2,5,1,14,1,1,"equilateral_triangle",70,103,0,6,6,0,54,0,227,70,0.308370044052863
108,1,2,1,"isosceles_triangle",2,1,355,1,14,1,1,"isosceles_triangle",36,139,0,6,20,0,38,0,213,36,0.169014084507042
108,1,2,2,"object",0,1,325,0,14,1,1,"car",75,76,0,12,2,0,75,0,226,NA,NA
108,1,2,3,"square",3,1,355,1,14,1,1,"square",59,133,0,3,4,0,40,0,232,133,0.573275862068966
108,1,2,4,"rhombus",1,1,325,1,14,1,1,"rhombus",131,47,0,4,3,0,55,0,233,55,0.236051502145923
108,1,2,5,"pentagon",2,1,355,0,14,1,0.441666666666667,"pentagon",0,106,0,5,1,0,60,67,166,0,0
108,1,2,6,"equilateral_triangle",4,1,325,1,14,1,0.942148760330578,"equilateral_triangle",144,36,0,6,6,7,41,0,221,0,0
108,1,3,1,"isosceles_triangle",3,2,325,0,14,1,1,"isosceles_triangle",113,60,0,4,4,0,88,0,261,60,0.229885057471264
108,1,3,2,"object",2,2,355,1,14,1,1,"duck",0,119,0,5,3,0,113,0,232,0,0
108,1,3,3,"square",2,2,325,1,14,1,0.783333333333333,"square",107,56,0,2,26,26,22,0,185,107,0.578378378378378
108,1,3,4,"rhombus",4,2,355,1,14,0.991596638655462,0.883333333333333,"rhombus",0,57,0,5,2,15,160,0,217,0,0
108,1,3,5,"pentagon",3,2,325,1,14,1,1,"pentagon",0,64,0,3,2,0,170,0,234,64,0.273504273504274
108,1,3,6,"equilateral_triangle",1,2,355,1,14,0.798319327731092,0.883333333333333,"equilateral_triangle",43,0,103,20,35,1,0,37,146,0,0
108,1,4,1,"isosceles_triangle",4,1,5,1,14,0.915966386554622,0.983333333333333,"isosceles_triangle",134,37,33,4,19,10,0,2,204,33,0.161764705882353
108,1,4,2,"object",4,1,25,1,14,1,1,"car",75,26,95,6,18,0,19,0,215,95,0.441860465116279
108,1,4,3,"square",1,1,5,0,14,1,1,"square",0,0,0,7,232,0,0,0,0,0,NA
108,1,4,4,"rhombus",2,1,25,1,14,1,1,"rhombus",0,0,239,0,0,0,0,0,239,0,0
108,1,4,5,"pentagon",4,1,5,0,14,0,0.529411764705882,"pentagon",17,0,42,0,4,176,0,0,59,42,0.711864406779661
108,1,4,6,"equilateral_triangle",3,1,25,0,14,0.0840336134453782,0,"equilateral_triangle",8,0,0,0,2,228,0,1,8,0,0
109,1,1,1,"isosceles_triangle",2,2,355,0,11,0.92436974789916,0.408333333333333,"isosceles_triangle",0,60,0,34,16,16,49,64,109,0,0
109,1,1,2,"pentagon",4,2,325,1,11,0.756302521008403,0.591666666666667,"pentagon",0,119,0,40,2,0,0,78,119,0,0
109,1,1,3,"object",4,2,355,1,11,1,1,"duck",0,92,88,11,2,0,46,0,226,88,0.389380530973451
109,1,1,4,"equilateral_triangle",1,2,325,1,11,0.605042016806723,1,"equilateral_triangle",0,164,0,28,0,0,0,47,164,0,0
109,1,1,5,"rhombus",2,2,355,1,11,0.873949579831933,0.675,"rhombus",37,0,52,34,62,33,0,21,89,37,0.415730337078652
109,1,1,6,"square",4,2,325,1,11,0.940677966101695,1,"square",0,34,54,36,107,7,0,0,88,54,0.613636363636364
109,1,2,1,"isosceles_triangle",3,1,325,1,11,0.848739495798319,0.9,"isosceles_triangle",1,0,34,62,59,30,53,0,88,0,0
109,1,2,2,"pentagon",1,1,355,1,11,0.873949579831933,0.966942148760331,"pentagon",0,78,38,31,19,19,55,0,171,55,0.321637426900585
109,1,2,3,"object",3,1,325,1,11,1,1,"car",0,94,71,21,2,0,51,0,216,94,0.435185185185185
109,1,2,4,"equilateral_triangle",4,1,355,0,11,0.80672268907563,0.327731092436975,"equilateral_triangle",0,85,0,47,3,80,0,23,85,0,0
109,1,2,5,"rhombus",3,1,325,1,11,0.65546218487395,0.508333333333333,"rhombus",0,86,0,28,25,25,0,75,86,86,1
109,1,2,6,"square",1,1,355,0,11,0.478991596638655,0,"square",0,1,0,21,33,176,2,5,3,2,0.666666666666667
109,1,3,1,"isosceles_triangle",4,2,5,0,11,0.873949579831933,0.441666666666667,"isosceles_triangle",0,50,40,34,33,6,0,76,90,40,0.444444444444444
109,1,3,2,"pentagon",3,2,25,1,11,0.53781512605042,0.841666666666667,"pentagon",27,0,66,31,41,30,0,44,93,0,0
109,1,3,3,"object",2,2,5,1,11,1,1,"duck",60,62,0,16,28,0,73,0,195,60,0.307692307692308
109,1,3,4,"equilateral_triangle",2,2,25,0,11,0.890756302521008,0,"equilateral_triangle",0,1,0,36,2,13,67,121,68,0,0
109,1,3,5,"rhombus",4,2,5,0,11,0.436974789915966,0.45,"rhombus",0,54,0,12,40,21,0,112,54,0,0
109,1,3,6,"square",3,2,25,0,11,0.638655462184874,0,"square",0,0,0,41,1,132,34,31,34,0,0
109,1,4,1,"isosceles_triangle",1,1,25,0,11,0.495798319327731,0.26890756302521,"isosceles_triangle",0,1,35,22,3,96,30,51,66,30,0.454545454545455
109,1,4,2,"pentagon",2,1,5,0,11,0.823529411764706,0,"pentagon",0,0,0,46,1,137,51,4,51,0,0
109,1,4,3,"object",0,1,25,0,11,1,1,"car",0,58,46,3,19,0,113,0,217,NA,NA
109,1,4,4,"equilateral_triangle",3,1,5,0,11,0.848739495798319,0.1,"equilateral_triangle",25,0,36,34,22,118,0,44,61,0,0
109,1,4,5,"rhombus",1,1,25,0,11,0.1,0.355371900826446,"rhombus",0,43,12,0,0,66,0,120,55,0,0
109,1,4,6,"square",2,1,5,0,11,0.739495798319328,0.225,"square",0,26,57,26,6,10,0,114,83,0,0
110,1,1,1,"isosceles_triangle",3,1,325,1,13,0.92436974789916,1,"isosceles_triangle",0,107,44,6,55,9,18,0,169,107,0.633136094674556
110,1,1,2,"square",1,1,355,0,13,1,0.453781512605042,"square",1,131,31,6,4,63,0,2,163,0,0
110,1,1,3,"pentagon",2,1,325,1,13,1,1,"pentagon",0,92,47,28,51,0,22,0,161,0,0
110,1,1,4,"object",0,1,355,0,13,1,1,"duck",0,171,60,6,2,0,0,0,231,NA,NA
110,1,1,5,"equilateral_triangle",3,1,325,1,13,0.915966386554622,1,"equilateral_triangle",0,61,159,7,3,10,0,0,220,61,0.277272727272727
110,1,1,6,"rhombus",1,1,355,0,13,0.882352941176471,0.226890756302521,"rhombus",23,23,42,13,31,105,0,1,88,0,0
110,1,2,1,"isosceles_triangle",4,2,5,0,13,0.966666666666667,1,"isosceles_triangle",0,59,134,23,19,5,30,0,223,134,0.600896860986547
110,1,2,2,"square",3,2,25,1,13,1,0.908333333333333,"square",0,47,105,34,42,11,0,0,152,47,0.309210526315789
110,1,2,3,"pentagon",1,2,5,1,13,0.92436974789916,0.95,"pentagon",0,78,60,10,52,15,24,0,162,24,0.148148148148148
110,1,2,4,"object",3,2,25,1,13,1,1,"car",0,129,53,6,21,0,30,0,212,129,0.608490566037736
110,1,2,5,"equilateral_triangle",4,2,5,1,13,0.781512605042017,0.891666666666667,"equilateral_triangle",0,81,50,5,64,29,0,10,131,50,0.381679389312977
110,1,2,6,"rhombus",3,2,25,1,13,1,0.6,"rhombus",0,98,0,47,14,0,32,48,130,98,0.753846153846154
110,1,3,1,"isosceles_triangle",1,1,25,1,13,0.966386554621849,0.966666666666667,"isosceles_triangle",0,41,68,35,87,5,0,3,109,0,0
110,1,3,2,"square",2,1,5,0,13,0.495652173913044,1,"square",0,21,0,34,29,56,93,2,114,0,0
110,1,3,3,"pentagon",4,1,25,1,13,0.711864406779661,0.520661157024793,"pentagon",4,60,1,28,20,92,34,0,99,1,0.0101010101010101
110,1,3,4,"object",4,1,5,1,13,1,1,"duck",35,71,20,9,6,0,98,0,224,20,0.0892857142857143
110,1,3,5,"equilateral_triangle",1,1,25,1,13,1,0.975,"equilateral_triangle",38,52,2,50,26,0,69,3,161,69,0.428571428571429
110,1,3,6,"rhombus",2,1,5,1,13,1,1,"rhombus",0,120,46,73,0,0,0,0,166,0,0
110,1,4,1,"isosceles_triangle",2,2,355,0,13,1,0.46551724137931,"isosceles_triangle",30,63,48,8,11,61,13,1,154,30,0.194805194805195
110,1,4,2,"square",4,2,325,0,13,0.285714285714286,0.366666666666667,"square",0,48,0,28,2,105,0,56,48,0,0
111,0,1,1,"isosceles_triangle",4,1,5,1,1,1,0.958333333333333,"isosceles_triangle",0,59,32,35,31,5,77,0,168,32,0.19047619047619
111,0,1,2,"equilateral_triangle",3,1,25,0,1,0.747899159663866,0.0258620689655172,"equilateral_triangle",17,1,3,70,1,44,0,99,21,1,0.0476190476190476
111,0,1,3,"rhombus",1,1,5,0,1,0.436974789915966,0,"rhombus",0,2,0,1,49,11,0,176,2,0,0
111,0,1,4,"square",2,1,25,0,1,0.672268907563025,0.436974789915966,"square",24,0,35,26,47,71,0,35,59,24,0.406779661016949
111,0,1,5,"object",0,1,5,0,1,0.991596638655462,1,"duck",22,5,125,0,16,0,70,1,222,NA,NA
111,0,1,6,"pentagon",3,1,25,0,1,0.689075630252101,0.270491803278689,"pentagon",40,0,25,0,50,18,0,108,65,0,0
111,0,2,1,"isosceles_triangle",1,2,25,0,1,0.445378151260504,0,"isosceles_triangle",0,0,0,51,2,88,0,102,0,0,NA
111,0,2,2,"equilateral_triangle",2,2,5,0,1,0.815126050420168,0.179487179487179,"equilateral_triangle",26,0,24,6,62,96,0,22,50,26,0.52
111,0,2,3,"rhombus",4,2,25,0,1,0,0,"rhombus",0,0,0,0,0,203,0,37,0,0,NA
111,0,2,4,"square",3,2,5,0,1,0.347457627118644,0.336134453781513,"square",1,0,0,37,43,155,0,1,1,0,0
111,0,2,5,"object",2,2,25,0,1,0,0.916666666666667,"car",23,24,31,0,4,100,28,30,106,23,0.216981132075472
111,0,2,6,"pentagon",2,2,5,0,1,0.0583333333333333,0,"pentagon",0,0,0,0,7,191,0,46,0,0,NA
111,0,3,1,"isosceles_triangle",2,1,355,0,1,0.271186440677966,0.040650406504065,"isosceles_triangle",0,5,0,32,0,177,0,27,5,0,0
111,0,3,2,"equilateral_triangle",4,1,325,0,1,0,0.0756302521008403,"equilateral_triangle",0,0,0,0,9,214,0,19,0,0,NA
111,0,3,3,"rhombus",3,1,355,0,1,0,0,"rhombus",0,0,0,0,0,162,0,78,0,0,NA
111,0,3,4,"square",1,1,325,0,1,0,0.325,"square",0,0,24,0,15,24,0,176,24,0,0
111,0,3,5,"object",3,1,355,0,1,0.80672268907563,0,"duck",29,58,0,4,5,116,0,23,87,58,0.666666666666667
111,0,3,6,"pentagon",4,1,325,0,1,0,0,"pentagon",0,0,0,0,0,1,0,238,0,0,NA
112,1,1,1,"isosceles_triangle",4,1,5,1,17,1,0.884297520661157,"isosceles_triangle",32,58,0,52,3,0,81,14,171,0,0
112,1,1,2,"equilateral_triangle",3,1,25,0,17,1,1,"equilateral_triangle",62,21,0,56,0,0,131,0,214,21,0.0981308411214953
112,1,1,3,"rhombus",1,1,5,1,17,1,1,"rhombus",106,35,39,56,4,0,0,0,180,0,0
112,1,1,4,"square",2,1,25,1,17,1,1,"square",91,0,34,66,4,0,44,0,169,91,0.538461538461538
112,1,1,5,"object",0,1,5,0,17,1,1,"duck",120,0,0,35,1,0,83,0,203,NA,NA
112,1,1,6,"pentagon",3,1,25,1,17,1,1,"pentagon",31,33,12,42,83,0,38,0,114,33,0.289473684210526
112,1,2,1,"isosceles_triangle",1,2,25,1,17,1,0.883333333333333,"isosceles_triangle",34,0,64,58,35,0,34,14,132,34,0.257575757575758
112,1,2,2,"equilateral_triangle",2,2,5,1,17,1,1,"equilateral_triangle",163,33,0,42,1,0,0,0,196,163,0.831632653061224
112,1,2,3,"rhombus",4,2,25,1,17,0.941176470588235,0.727272727272727,"rhombus",1,0,26,55,38,40,80,0,107,26,0.242990654205607
112,1,2,4,"square",3,2,5,1,17,1,0.925,"square",0,0,152,41,1,0,36,9,188,0,0
112,1,2,5,"object",2,2,25,1,17,1,1,"car",130,27,65,15,2,0,0,0,222,130,0.585585585585586
112,1,2,6,"pentagon",2,2,5,1,17,1,1,"pentagon",31,47,120,40,1,0,0,0,198,31,0.156565656565657
112,1,3,1,"isosceles_triangle",2,1,355,1,17,1,1,"isosceles_triangle",96,0,69,10,12,0,53,0,218,96,0.440366972477064
112,1,3,2,"equilateral_triangle",4,1,325,0,17,1,0.441666666666667,"equilateral_triangle",0,0,53,66,18,0,35,67,88,53,0.602272727272727
112,1,3,3,"rhombus",3,1,355,1,17,1,1,"rhombus",100,0,92,46,2,0,0,0,192,0,0
112,1,3,4,"square",1,1,325,1,17,1,1,"square",57,0,104,7,3,0,68,0,229,68,0.296943231441048
112,1,3,5,"object",3,1,355,1,17,1,1,"duck",30,120,0,15,2,0,72,0,222,120,0.540540540540541
112,1,3,6,"pentagon",4,1,325,1,17,1,0.691666666666667,"pentagon",0,0,106,49,23,0,24,37,130,106,0.815384615384615
112,1,4,1,"isosceles_triangle",3,2,325,0,17,0.5,0.459677419354839,"isosceles_triangle",14,0,7,43,52,125,0,1,21,0,0
112,1,4,2,"equilateral_triangle",1,2,355,1,17,1,0.741666666666667,"equilateral_triangle",0,37,35,44,17,0,75,31,147,75,0.510204081632653
112,1,4,3,"rhombus",2,2,325,1,17,1,1,"rhombus",32,50,0,36,35,0,86,0,168,32,0.19047619047619
112,1,4,4,"square",4,2,355,0,17,0.336134453781513,0.0672268907563025,"square",0,8,0,35,5,190,0,0,8,0,0
112,1,4,5,"object",4,2,325,0,17,0,1,"car",48,17,39,0,16,117,0,0,104,39,0.375
112,1,4,6,"pentagon",1,2,355,0,17,1,0.208333333333333,"pentagon",0,0,67,38,2,0,37,95,104,37,0.355769230769231
113,1,1,1,"pentagon",1,2,355,1,14,0.899159663865546,0.925,"pentagon",41,57,18,28,6,0,68,21,184,68,0.369565217391304
113,1,1,2,"object",4,2,325,1,14,1,1,"duck",30,102,0,27,3,0,77,0,209,0,0
113,1,1,3,"rhombus",2,2,355,0,14,1,0.256198347107438,"rhombus",0,26,3,39,38,90,44,0,73,0,0
113,1,1,4,"isosceles_triangle",4,2,325,1,14,0.957983193277311,1,"isosceles_triangle",42,0,0,23,22,5,147,0,189,0,0
113,1,1,5,"square",1,2,355,1,14,1,0.508333333333333,"square",76,25,0,23,14,0,42,59,143,42,0.293706293706294
113,1,1,6,"equilateral_triangle",3,2,325,1,14,1,0.716666666666667,"equilateral_triangle",121,0,12,30,16,0,26,34,159,0,0
113,1,2,1,"pentagon",2,1,325,1,14,1,0.883333333333333,"pentagon",78,2,26,5,21,0,93,14,199,78,0.391959798994975
113,1,2,2,"object",0,1,355,0,14,0.966386554621849,0.866666666666667,"car",58,42,0,10,4,8,105,12,205,NA,NA
113,1,2,3,"rhombus",3,1,325,0,14,0.210084033613445,0.508333333333333,"rhombus",0,5,42,20,19,139,0,14,47,5,0.106382978723404
113,1,2,4,"isosceles_triangle",1,1,355,0,14,1,0.405172413793103,"isosceles_triangle",30,0,0,17,14,64,105,5,135,105,0.777777777777778
113,1,2,5,"square",2,1,325,1,14,0.857142857142857,1,"square",67,104,0,21,30,0,0,17,171,67,0.391812865497076
113,1,2,6,"equilateral_triangle",4,1,355,1,14,1,0.516666666666667,"equilateral_triangle",9,38,0,30,26,16,78,42,125,0,0
113,1,3,1,"pentagon",3,2,5,0,14,0.993377483443709,0.866666666666667,"pentagon",54,26,0,25,26,1,123,16,203,26,0.12807881773399
113,1,3,2,"object",2,2,25,1,14,1,1,"duck",51,42,0,7,1,0,138,0,231,51,0.220779220779221
113,1,3,3,"rhombus",4,2,5,1,14,1,0.583333333333333,"rhombus",21,45,0,30,20,8,73,42,139,0,0
113,1,3,4,"isosceles_triangle",2,2,25,1,14,0.949579831932773,1,"isosceles_triangle",77,53,6,30,16,6,51,0,187,77,0.411764705882353
113,1,3,5,"square",3,2,5,1,14,1,0.75,"square",38,0,0,29,33,29,106,0,144,0,0
113,1,3,6,"equilateral_triangle",1,2,25,1,14,1,0.975,"equilateral_triangle",29,41,0,42,5,2,119,1,189,119,0.62962962962963
113,1,4,1,"pentagon",4,1,25,0,14,0.875862068965517,0.603305785123967,"pentagon",45,46,1,3,38,1,67,65,159,1,0.00628930817610063
113,1,4,2,"object",3,1,5,1,14,1,1,"car",31,73,0,7,14,0,114,0,218,73,0.334862385321101
113,1,4,3,"rhombus",1,1,25,0,14,0.487394957983193,0.38655462184874,"rhombus",0,2,20,17,30,132,35,2,57,35,0.614035087719298
113,1,4,4,"isosceles_triangle",3,1,5,0,14,0.644067796610169,0.285714285714286,"isosceles_triangle",0,0,0,24,20,127,66,0,66,0,0
113,1,4,5,"square",4,1,25,0,14,0,0,"square",0,0,0,0,0,239,0,0,0,0,NA
114,0,1,1,"pentagon",2,2,325,1,5,1,1,"pentagon",232,0,0,7,0,0,0,0,232,232,1
114,0,1,2,"square",4,2,355,0,5,1,1,"square",0,0,0,240,0,0,0,0,0,0,NA
114,0,1,3,"object",4,2,325,1,5,1,1,"duck",60,73,50,8,5,0,43,0,226,50,0.221238938053097
114,0,1,4,"equilateral_triangle",1,2,355,1,5,0.857142857142857,1,"equilateral_triangle",41,47,16,11,6,17,101,0,205,101,0.492682926829268
114,0,1,5,"rhombus",2,2,325,1,5,1,1,"rhombus",0,115,63,12,16,0,33,0,211,0,0
114,0,1,6,"isosceles_triangle",4,2,355,1,5,1,0.891666666666667,"isosceles_triangle",82,31,0,12,22,13,79,0,192,0,0
114,0,2,1,"pentagon",3,1,5,0,5,1,0.544827586206897,"pentagon",61,0,0,73,1,65,64,1,125,0,0
114,0,2,2,"square",1,1,25,0,5,0.254237288135593,0,"square",0,0,0,22,0,209,8,0,8,8,1
114,0,2,3,"object",0,1,5,0,5,0,0,"car",0,0,0,0,0,246,0,0,0,NA,NA
114,0,2,4,"equilateral_triangle",2,1,25,0,5,0,0,"equilateral_triangle",0,0,0,0,0,242,0,0,0,0,NA
114,0,2,5,"rhombus",3,1,5,0,5,0,0,"rhombus",0,0,0,0,0,239,0,0,0,0,NA
114,0,2,6,"isosceles_triangle",1,1,25,0,5,0,0,"isosceles_triangle",0,0,0,0,0,236,0,0,0,0,NA
115,1,1,1,"pentagon",2,2,325,0,11,1,0.330578512396694,"pentagon",0,0,107,30,2,0,20,81,127,0,0
115,1,1,2,"square",4,2,355,1,11,0.907563025210084,0.508333333333333,"square",61,1,46,25,36,70,0,0,108,46,0.425925925925926
115,1,1,3,"object",4,2,325,1,11,1,1,"duck",66,15,84,18,14,0,43,0,208,84,0.403846153846154
115,1,1,4,"equilateral_triangle",1,2,355,0,11,0.915966386554622,0.191666666666667,"equilateral_triangle",14,13,62,13,15,103,15,4,104,15,0.144230769230769
115,1,1,5,"rhombus",2,2,325,1,11,1,0.825,"rhombus",44,21,87,20,8,21,38,0,190,44,0.231578947368421
115,1,1,6,"isosceles_triangle",4,2,355,1,11,1,1,"isosceles_triangle",11,0,131,35,27,0,35,0,177,131,0.740112994350282
115,1,2,1,"pentagon",3,1,5,1,11,0.890756302521008,0.793388429752066,"pentagon",54,0,65,31,41,23,11,15,130,0,0
115,1,2,2,"square",1,1,25,0,11,0,0.483333333333333,"square",32,0,1,0,25,164,0,18,33,0,0
115,1,2,3,"object",0,1,5,0,11,1,0.264462809917355,"car",60,0,51,16,2,89,22,0,133,NA,NA
115,1,2,4,"equilateral_triangle",2,1,25,1,11,0.815126050420168,0.680672268907563,"equilateral_triangle",21,0,99,20,3,57,35,3,155,21,0.135483870967742
115,1,2,5,"rhombus",3,1,5,1,11,0.579831932773109,1,"rhombus",32,0,23,26,40,0,68,50,123,0,0
115,1,2,6,"isosceles_triangle",1,1,25,1,11,0.899159663865546,0.733333333333333,"isosceles_triangle",0,0,145,25,4,0,21,44,166,21,0.126506024096386
115,1,3,1,"pentagon",4,2,25,1,11,0.932773109243697,0.80327868852459,"pentagon",63,32,35,58,21,32,0,0,130,35,0.269230769230769
115,1,3,2,"square",2,2,5,1,11,1,0.9,"square",113,0,51,33,28,12,2,0,166,113,0.680722891566265
115,1,3,3,"object",2,2,25,1,11,0.848739495798319,0.683333333333333,"duck",37,65,66,13,2,56,0,0,168,37,0.220238095238095
115,1,3,4,"equilateral_triangle",3,2,5,0,11,0.495798319327731,0.45,"equilateral_triangle",0,0,85,26,2,8,0,118,85,0,0
115,1,3,5,"rhombus",4,2,25,0,11,0.487394957983193,0.908333333333333,"rhombus",0,43,72,26,26,36,0,36,115,72,0.626086956521739
115,1,3,6,"isosceles_triangle",2,2,5,0,11,0.252100840336134,0.396694214876033,"isosceles_triangle",18,0,30,1,29,98,0,64,48,18,0.375
116,1,1,1,"pentagon",3,1,5,1,16,0.941176470588235,0.95,"pentagon",136,0,18,14,43,13,15,0,169,0,0
116,1,1,2,"rhombus",1,1,25,1,16,0.907563025210084,0.933333333333333,"rhombus",125,0,59,30,6,19,0,0,184,0,0
116,1,1,3,"equilateral_triangle",4,1,5,1,16,0.983193277310924,0.975,"equilateral_triangle",117,0,89,28,0,5,0,0,206,89,0.432038834951456
116,1,1,4,"object",2,1,25,1,16,1,1,"car",98,66,0,18,3,0,54,0,218,98,0.44954128440367
116,1,1,5,"isosceles_triangle",3,1,5,1,16,0.725,0.916666666666667,"isosceles_triangle",88,0,47,34,28,20,0,23,135,0,0
116,1,1,6,"square",1,1,25,1,16,0.991596638655462,1,"square",144,7,70,13,4,1,0,0,221,0,0
116,1,2,1,"pentagon",4,2,25,0,16,0.916666666666667,1,"pentagon",170,0,39,11,3,12,29,0,238,39,0.163865546218487
116,1,2,2,"rhombus",2,2,5,1,16,1,1,"rhombus",215,0,0,7,11,0,6,0,221,215,0.972850678733032
116,1,2,3,"equilateral_triangle",1,2,25,1,16,1,0.608333333333333,"equilateral_triangle",165,0,0,5,22,11,0,36,165,0,0
116,1,2,4,"object",3,2,5,1,16,1,1,"duck",176,0,13,6,13,0,31,0,220,0,0
116,1,2,5,"isosceles_triangle",4,2,25,1,16,1,1,"isosceles_triangle",190,0,0,6,24,0,19,0,209,0,0
116,1,2,6,"square",2,2,5,1,16,0.941176470588235,1,"square",191,0,12,12,17,7,0,0,203,191,0.940886699507389
116,1,3,1,"pentagon",1,1,355,0,16,1,0.975,"pentagon",0,1,0,0,211,3,24,0,25,24,0.96
116,1,3,2,"rhombus",3,1,325,1,16,0.882352941176471,0.833333333333333,"rhombus",98,0,0,0,104,14,3,20,101,0,0
116,1,3,3,"equilateral_triangle",2,1,355,0,16,0.39344262295082,1,"equilateral_triangle",127,0,0,0,27,74,14,0,141,127,0.900709219858156
116,1,3,4,"object",4,1,325,1,16,1,1,"car",172,0,0,6,2,0,59,0,231,0,0
116,1,3,5,"isosceles_triangle",1,1,355,1,16,0.966386554621849,0.892561983471074,"isosceles_triangle",172,0,0,6,39,16,6,1,178,6,0.0337078651685393
116,1,3,6,"square",3,1,325,1,16,1,1,"square",175,6,41,13,4,0,0,0,222,6,0.027027027027027
116,1,4,1,"pentagon",2,2,325,0,16,0.813008130081301,0.1,"pentagon",44,20,2,5,7,131,34,0,100,44,0.44
116,1,4,2,"rhombus",4,2,355,0,16,0.260504201680672,0.0166666666666667,"rhombus",28,0,0,2,2,206,1,0,29,0,0
116,1,4,3,"equilateral_triangle",3,2,325,0,16,0.175,0.675,"equilateral_triangle",55,0,0,4,1,138,42,0,97,0,0
116,1,4,4,"object",1,2,355,0,16,0,0,"duck",0,0,0,0,0,239,0,0,0,0,NA
116,1,4,5,"isosceles_triangle",2,2,325,1,16,0.899159663865546,1,"isosceles_triangle",182,0,0,7,17,0,22,12,204,182,0.892156862745098
116,1,4,6,"square",4,2,355,0,16,0.747899159663866,0,"square",88,0,0,1,0,150,0,0,88,0,0
117,1,1,1,"pentagon",4,1,25,1,17,1,0.925,"pentagon",68,0,0,12,4,9,147,0,215,0,0
117,1,1,2,"isosceles_triangle",2,1,5,1,17,0.831932773109244,1,"isosceles_triangle",122,0,0,20,14,20,63,0,185,122,0.659459459459459
117,1,1,3,"square",1,1,25,1,17,1,1,"square",56,0,45,63,2,0,73,0,174,73,0.419540229885057
117,1,1,4,"equilateral_triangle",3,1,5,0,17,0.907563025210084,0.366666666666667,"equilateral_triangle",113,0,0,6,3,87,30,0,143,0,0
117,1,1,5,"object",4,1,25,1,17,0.915966386554622,1,"car",149,23,0,3,7,10,47,0,219,0,0
117,1,1,6,"rhombus",2,1,5,1,17,0.966386554621849,1,"rhombus",192,0,0,5,2,4,36,0,228,192,0.842105263157895
117,1,2,1,"pentagon",1,2,355,1,17,1,1,"pentagon",168,0,35,7,2,0,28,0,231,28,0.121212121212121
117,1,2,2,"isosceles_triangle",3,2,325,1,17,0.941176470588235,0.558333333333333,"isosceles_triangle",109,5,27,10,10,9,18,51,159,5,0.0314465408805031
117,1,2,3,"square",2,2,355,1,17,0.739495798319328,1,"square",163,13,1,9,23,4,0,27,177,163,0.92090395480226
117,1,2,4,"equilateral_triangle",4,2,325,1,17,0.907563025210084,0.891666666666667,"equilateral_triangle",136,0,37,7,4,13,31,11,204,37,0.181372549019608
117,1,2,5,"object",1,2,355,1,17,1,1,"duck",102,22,0,7,3,0,105,0,229,105,0.458515283842795
117,1,2,6,"rhombus",3,2,325,1,17,1,0.941666666666667,"rhombus",115,22,0,5,11,7,79,0,216,22,0.101851851851852
117,1,3,1,"pentagon",2,1,325,1,17,0.793388429752066,1,"pentagon",95,23,26,23,10,0,39,25,183,95,0.519125683060109
117,1,3,2,"isosceles_triangle",4,1,355,1,17,0.991596638655462,0.833333333333333,"isosceles_triangle",111,0,27,6,21,1,53,20,191,27,0.141361256544503
117,1,3,3,"square",3,1,325,1,17,0.941176470588235,1,"square",141,43,0,17,31,7,0,0,184,43,0.233695652173913
117,1,3,4,"equilateral_triangle",1,1,355,1,17,1,1,"equilateral_triangle",139,0,2,30,3,0,65,0,206,65,0.315533980582524
117,1,3,5,"object",2,1,325,0,17,0.521008403361345,0,"car",27,0,0,8,1,174,26,0,53,27,0.509433962264151
117,1,3,6,"rhombus",4,1,355,0,17,0.567796610169492,0,"rhombus",57,0,0,8,2,171,0,0,57,0,0
117,1,4,1,"pentagon",3,2,5,1,17,1,0.908333333333333,"pentagon",48,0,62,39,10,11,69,0,179,0,0
117,1,4,2,"isosceles_triangle",1,2,25,0,17,0.127118644067797,0.830645161290323,"isosceles_triangle",0,0,17,1,45,118,55,6,72,55,0.763888888888889
117,1,4,3,"square",4,2,5,1,17,0.663865546218487,0.525,"square",48,35,27,29,3,22,0,75,110,27,0.245454545454545
117,1,4,4,"equilateral_triangle",2,2,25,0,17,0.890756302521008,0.151260504201681,"equilateral_triangle",48,18,0,37,21,114,0,0,66,48,0.727272727272727
117,1,4,5,"object",3,2,5,0,17,0.396551724137931,0,"duck",29,1,0,12,4,184,0,4,30,1,0.0333333333333333
117,1,4,6,"rhombus",1,2,25,0,17,0,0,"rhombus",0,0,0,0,0,238,0,0,0,0,NA
118,1,1,1,"equilateral_triangle",1,1,325,1,12,1,1,"equilateral_triangle",170,24,3,18,4,0,21,0,218,21,0.0963302752293578
118,1,1,2,"object",3,1,355,1,12,1,1,"car",92,29,0,17,13,0,88,0,209,29,0.138755980861244
118,1,1,3,"rhombus",4,1,325,1,12,1,1,"rhombus",27,51,45,26,8,0,83,0,206,45,0.218446601941748
118,1,1,4,"pentagon",2,1,355,1,12,1,1,"pentagon",51,64,16,32,8,0,68,0,199,51,0.256281407035176
118,1,1,5,"square",1,1,325,1,12,1,1,"square",0,61,29,74,48,0,28,0,118,28,0.23728813559322
118,1,1,6,"isosceles_triangle",3,1,355,0,12,0.647058823529412,0.425,"isosceles_triangle",0,110,0,12,6,0,0,111,110,110,1
118,1,2,1,"equilateral_triangle",2,2,5,0,12,0.890756302521008,0.433333333333333,"equilateral_triangle",0,78,0,15,23,0,42,81,120,0,0
118,1,2,2,"object",4,2,25,1,12,1,0.816666666666667,"duck",56,103,19,25,14,0,0,22,178,19,0.106741573033708
118,1,2,3,"rhombus",3,2,5,0,12,0.38655462184874,0.5,"rhombus",0,92,0,13,1,2,0,131,92,92,1
118,1,2,4,"pentagon",1,2,25,0,12,0.907563025210084,0.391666666666667,"pentagon",0,75,0,46,6,2,28,82,103,28,0.271844660194175
118,1,2,5,"square",2,2,5,1,12,0.747899159663866,0.525,"square",0,55,0,58,3,0,36,87,91,0,0
118,1,2,6,"isosceles_triangle",4,2,25,1,12,0.638655462184874,0.825,"isosceles_triangle",0,62,38,12,23,0,40,64,140,38,0.271428571428571
118,1,3,1,"equilateral_triangle",3,1,25,1,12,0.558333333333333,0.866666666666667,"equilateral_triangle",0,85,0,34,15,0,37,69,122,85,0.69672131147541
118,1,3,2,"object",1,1,5,1,12,1,1,"car",156,0,60,21,2,0,0,0,216,0,0
118,1,3,3,"rhombus",2,1,25,0,12,0.579831932773109,0.325,"rhombus",0,56,0,40,12,0,0,131,56,0,0
118,1,3,4,"pentagon",4,1,5,1,12,0.641666666666667,0.741666666666667,"pentagon",0,107,0,28,13,1,18,73,125,0,0
118,1,3,5,"square",3,1,25,1,12,0.571428571428571,0.808333333333333,"square",0,128,0,0,4,0,33,74,161,128,0.795031055900621
118,1,3,6,"isosceles_triangle",1,1,5,0,12,0.271186440677966,0,"isosceles_triangle",0,0,0,0,7,200,25,4,25,25,1
120,0,1,1,"equilateral_triangle",2,1,5,0,7,0.840336134453782,0,"equilateral_triangle",0,54,2,42,2,139,0,0,56,0,0
120,0,1,2,"pentagon",4,1,25,1,7,1,0.53781512605042,"pentagon",61,108,0,11,2,55,1,0,170,0,0
120,0,1,3,"object",3,1,5,0,7,0.336134453781513,0,"car",0,0,0,40,0,137,0,63,0,0,NA
120,0,1,4,"rhombus",1,1,25,0,7,1,0.159663865546218,"rhombus",0,97,0,41,0,100,0,0,97,0,0
120,0,1,5,"isosceles_triangle",2,1,5,1,7,1,1,"isosceles_triangle",48,102,0,28,12,0,49,0,199,48,0.241206030150754
120,0,1,6,"square",4,1,25,0,7,0.885245901639344,0.216666666666667,"square",0,0,96,0,38,24,0,84,96,96,1
120,0,2,1,"equilateral_triangle",3,2,25,0,7,0.756302521008403,0.4,"equilateral_triangle",0,69,0,31,31,0,7,101,76,69,0.907894736842105
120,0,2,2,"pentagon",1,2,5,1,7,1,1,"pentagon",54,158,0,12,15,0,0,0,212,0,0
120,0,2,3,"object",2,2,25,1,7,0.890756302521008,0.708333333333333,"car",0,147,0,42,2,0,0,48,147,0,0
120,0,2,4,"rhombus",4,2,5,0,7,0.478991596638655,0.375,"rhombus",0,11,56,0,4,137,31,0,98,56,0.571428571428571
120,0,2,5,"isosceles_triangle",3,2,25,0,7,0.142857142857143,0.425,"isosceles_triangle",0,1,31,5,31,61,0,110,32,1,0.03125
120,0,2,6,"square",1,2,5,0,7,0.423728813559322,0,"square",0,21,0,28,1,157,0,35,21,0,0
120,0,3,1,"equilateral_triangle",4,1,355,0,7,0.11864406779661,0.190082644628099,"equilateral_triangle",0,0,1,14,0,202,22,0,23,1,0.0434782608695652
120,0,3,2,"pentagon",2,1,325,0,7,0.647058823529412,0.0756302521008403,"pentagon",0,0,0,0,0,152,86,0,86,0,0
120,0,3,3,"object",1,1,355,1,7,0.80672268907563,0.616666666666667,"car",0,0,122,27,21,7,0,62,122,0,0
120,0,3,4,"rhombus",3,1,325,0,7,0,0,"rhombus",0,0,0,0,0,240,0,0,0,0,NA
120,0,3,5,"isosceles_triangle",4,1,355,1,7,0.529411764705882,0.966666666666667,"isosceles_triangle",0,0,52,34,44,60,49,0,101,52,0.514851485148515
120,0,3,6,"square",2,1,325,1,7,0.65546218487395,0.708333333333333,"square",0,0,89,38,36,0,0,76,89,0,0
120,0,4,1,"equilateral_triangle",1,2,325,0,7,0.279661016949153,0.148760330578512,"equilateral_triangle",15,2,1,32,1,152,0,36,18,0,0
120,0,4,2,"pentagon",3,2,355,0,7,0.283333333333333,0.783333333333333,"pentagon",34,0,23,0,1,97,70,15,127,0,0
120,0,4,3,"object",4,2,325,0,7,0.53781512605042,0.366666666666667,"car",0,32,42,30,4,20,0,111,74,42,0.567567567567568
120,0,4,4,"rhombus",2,2,355,0,7,0.974789915966387,0.0165289256198347,"rhombus",0,44,0,11,28,3,35,119,79,0,0
120,0,4,5,"isosceles_triangle",1,2,325,0,7,0.252100840336134,0.4,"isosceles_triangle",4,1,31,1,41,83,0,78,36,0,0
120,0,4,6,"square",3,2,355,0,7,0.495726495726496,0,"square",0,28,0,25,5,178,0,4,28,28,1
121,0,1,1,"equilateral_triangle",2,1,5,1,6,0.983193277310924,1,"equilateral_triangle",0,50,92,47,2,2,46,0,188,0,0
121,0,1,2,"pentagon",4,1,25,1,6,1,0.844827586206897,"pentagon",116,0,0,6,1,18,94,0,210,0,0
121,0,1,3,"object",3,1,5,0,6,0,0.675,"car",0,54,0,0,27,90,0,68,54,54,1
121,0,1,4,"rhombus",1,1,25,0,6,0.327731092436975,0.370967741935484,"rhombus",0,54,0,30,1,102,0,56,54,0,0
121,0,1,5,"isosceles_triangle",2,1,5,0,6,0.430894308943089,0.0336134453781513,"isosceles_triangle",0,32,0,20,5,121,0,64,32,0,0
121,0,1,6,"square",4,1,25,0,6,0.991596638655462,0.025,"square",0,53,0,30,38,118,0,0,53,0,0
121,0,2,1,"equilateral_triangle",3,2,25,0,6,0.664429530201342,0.908333333333333,"equilateral_triangle",0,48,63,55,4,12,38,49,149,48,0.322147651006711
121,0,2,2,"pentagon",1,2,5,1,6,1,1,"pentagon",0,0,66,29,4,0,140,0,206,140,0.679611650485437
121,0,2,3,"object",2,2,25,1,6,0.76271186440678,0.775,"car",48,91,0,33,11,23,0,32,139,48,0.345323741007194
121,0,2,4,"rhombus",4,2,5,0,6,0,1,"rhombus",0,61,37,0,2,117,20,0,118,37,0.313559322033898
121,0,2,5,"isosceles_triangle",3,2,25,0,6,1,0.391666666666667,"isosceles_triangle",109,25,0,32,0,73,0,0,134,25,0.186567164179104
121,0,2,6,"square",1,2,5,0,6,0.333333333333333,0.408333333333333,"square",23,24,0,10,3,153,30,0,77,30,0.38961038961039
121,0,3,1,"equilateral_triangle",4,1,355,1,6,0.798319327731092,0.82051282051282,"equilateral_triangle",0,96,41,30,24,21,0,24,137,41,0.299270072992701
121,0,3,2,"pentagon",2,1,325,1,6,1,0.666666666666667,"pentagon",71,30,0,12,20,40,66,0,167,71,0.425149700598802
121,0,3,3,"object",1,1,355,0,6,0,0,"car",0,0,0,0,0,239,0,0,0,0,NA
121,0,3,4,"rhombus",3,1,325,0,6,0,0,"rhombus",0,0,0,0,0,244,0,0,0,0,NA
121,0,3,5,"isosceles_triangle",4,1,355,0,6,0,0.435483870967742,"isosceles_triangle",0,0,53,0,1,179,0,10,53,53,1
121,0,3,6,"square",2,1,325,0,6,0.0932203389830508,0.269736842105263,"square",0,0,7,7,8,132,30,86,37,0,0
122,0,1,1,"equilateral_triangle",3,2,25,1,15,1,1,"equilateral_triangle",0,0,194,43,2,0,0,0,194,0,0
122,0,1,2,"square",1,2,5,1,15,0.798319327731092,1,"square",0,0,178,36,1,1,0,23,178,0,0
122,0,1,3,"isosceles_triangle",2,2,25,1,15,0.840336134453782,1,"isosceles_triangle",0,49,126,39,6,0,0,19,175,0,0
122,0,1,4,"object",4,2,5,1,15,1,1,"car",102,60,0,13,23,0,41,0,203,0,0
122,0,1,5,"pentagon",3,2,25,1,15,0.932773109243697,1,"pentagon",0,0,170,34,27,2,0,6,170,0,0
122,0,1,6,"rhombus",1,2,5,1,15,0.966386554621849,0.619834710743802,"rhombus",0,17,121,33,19,2,0,48,138,0,0
122,0,2,1,"equilateral_triangle",4,1,355,0,15,0.763888888888889,0.208333333333333,"equilateral_triangle",0,17,20,36,62,11,0,118,37,20,0.540540540540541
122,0,2,2,"square",2,1,325,1,15,0.689075630252101,1,"square",0,35,110,33,24,15,0,22,145,0,0
122,0,2,3,"isosceles_triangle",1,1,355,1,15,0.92436974789916,0.908333333333333,"isosceles_triangle",0,0,163,32,24,9,0,11,163,0,0
122,0,2,4,"object",3,1,325,1,15,1,1,"duck",43,91,0,14,14,0,77,0,211,91,0.431279620853081
122,0,2,5,"pentagon",4,1,355,1,15,0.773109243697479,0.758333333333333,"pentagon",0,0,134,44,5,3,0,53,134,134,1
122,0,2,6,"rhombus",2,1,325,1,15,0.92436974789916,1,"rhombus",0,3,151,30,47,7,0,2,154,0,0
122,0,3,1,"equilateral_triangle",1,2,325,1,15,0.957983193277311,0.758333333333333,"equilateral_triangle",0,0,168,32,5,5,0,29,168,0,0
122,0,3,2,"square",3,2,355,0,15,0.554621848739496,0.0661157024793388,"square",0,39,7,26,2,0,0,166,46,39,0.847826086956522
122,0,3,3,"isosceles_triangle",4,2,325,1,15,0.791666666666667,1,"isosceles_triangle",0,0,147,51,17,18,0,7,147,147,1
122,0,3,4,"object",2,2,355,1,15,1,1,"car",66,87,25,15,2,0,44,0,222,66,0.297297297297297
122,0,3,5,"pentagon",1,2,325,0,15,0.46218487394958,1,"pentagon",42,43,56,29,5,8,0,56,141,0,0
122,0,3,6,"rhombus",3,2,355,0,15,0.252100840336134,0.7,"rhombus",0,59,2,30,23,14,0,111,61,59,0.967213114754098
122,0,4,1,"equilateral_triangle",2,1,5,0,15,0.798319327731092,0.158333333333333,"equilateral_triangle",0,8,36,29,34,56,7,69,51,0,0
122,0,4,2,"square",4,1,25,0,15,0.857142857142857,0,"square",0,0,44,51,7,131,0,3,44,44,1
122,0,4,3,"isosceles_triangle",3,1,5,0,15,0.201680672268908,0.151260504201681,"isosceles_triangle",0,0,13,22,7,183,0,13,13,0,0
122,0,4,4,"object",1,1,25,1,15,1,1,"duck",68,0,18,11,3,0,139,0,225,139,0.617777777777778
122,0,4,5,"pentagon",2,1,5,0,15,0.352941176470588,0.25,"pentagon",0,1,20,13,38,156,0,11,21,0,0
122,0,4,6,"rhombus",4,1,25,0,15,0.134453781512605,0,"rhombus",0,10,0,0,6,223,0,0,10,0,0
123,1,1,1,"equilateral_triangle",4,2,355,1,10,1,0.760330578512397,"equilateral_triangle",0,0,79,32,3,0,97,29,176,79,0.448863636363636
123,1,1,2,"rhombus",2,2,325,1,10,1,1,"rhombus",43,43,0,51,18,0,84,0,170,43,0.252941176470588
123,1,1,3,"square",1,2,355,1,10,1,1,"square",0,30,0,45,48,0,116,0,146,116,0.794520547945205
123,1,1,4,"isosceles_triangle",3,2,325,0,10,0.857142857142857,0.466666666666667,"isosceles_triangle",0,57,0,13,33,0,55,81,112,57,0.508928571428571
123,1,1,5,"object",4,2,355,1,10,1,1,"car",36,28,102,4,16,0,53,0,219,102,0.465753424657534
123,1,1,6,"pentagon",2,2,325,1,10,1,0.616666666666667,"pentagon",0,0,1,27,40,5,125,41,126,0,0
123,1,2,1,"equilateral_triangle",1,1,325,0,10,0.833333333333333,0.791666666666667,"equilateral_triangle",0,39,93,15,10,0,63,50,195,63,0.323076923076923
123,1,2,2,"rhombus",3,1,355,1,10,0.705882352941177,0.983333333333333,"rhombus",29,118,0,55,0,11,0,26,147,118,0.802721088435374
123,1,2,3,"square",4,1,325,0,10,0.0338983050847458,0.0578512396694215,"square",0,1,0,4,6,152,0,76,1,0,0
123,1,2,4,"isosceles_triangle",2,1,355,0,10,0.474576271186441,0,"isosceles_triangle",0,0,0,51,5,141,0,42,0,0,NA
123,1,2,5,"object",1,1,325,1,10,1,1,"duck",0,98,0,4,25,0,113,0,211,113,0.535545023696682
123,1,2,6,"pentagon",3,1,355,0,10,0.127118644067797,0,"pentagon",0,0,0,13,2,147,0,77,0,0,NA
123,1,3,1,"equilateral_triangle",2,2,5,0,10,0.591304347826087,0.0909090909090909,"equilateral_triangle",0,3,0,7,39,155,30,2,33,0,0
123,1,3,2,"rhombus",4,2,25,1,10,1,0.916666666666667,"rhombus",39,22,0,45,56,0,67,10,128,0,0
123,1,3,3,"square",3,2,5,0,10,0.330434782608696,0.235772357723577,"square",0,30,0,33,4,112,0,59,30,30,1
123,1,3,4,"isosceles_triangle",1,2,25,0,10,0,0.456896551724138,"isosceles_triangle",0,40,0,0,13,104,0,79,40,0,0
123,1,3,5,"object",2,2,5,0,10,0.364406779661017,0.40495867768595,"car",0,19,0,0,3,147,70,0,89,0,0
123,1,3,6,"pentagon",4,2,25,0,10,0.571428571428571,0.388429752066116,"pentagon",0,33,47,33,2,102,0,23,80,47,0.5875
123,1,4,1,"equilateral_triangle",3,1,25,0,10,0.101694915254237,0.214876033057851,"equilateral_triangle",0,0,25,12,1,106,0,95,25,0,0
123,1,4,2,"rhombus",1,1,5,0,10,0.420168067226891,0.85,"rhombus",0,28,26,27,45,2,26,85,80,26,0.325
123,1,4,3,"square",2,1,25,0,10,0.61864406779661,0.00826446280991736,"square",33,0,1,38,2,140,0,25,34,33,0.970588235294118
123,1,4,4,"isosceles_triangle",4,1,5,1,10,0.53781512605042,0.705882352941177,"isosceles_triangle",0,0,0,57,9,87,82,3,82,0,0
123,1,4,5,"object",3,1,25,1,10,0.73109243697479,1,"duck",24,13,87,0,12,32,71,0,195,13,0.0666666666666667
123,1,4,6,"pentagon",1,1,5,0,10,0.203389830508475,0,"pentagon",24,0,0,0,0,215,0,0,24,0,0
124,1,1,1,"rhombus",1,2,325,0,9,1,0.336134453781513,"rhombus",38,93,0,8,21,78,0,1,131,0,0
124,1,1,2,"object",4,2,355,1,9,1,1,"car",19,33,146,8,2,0,31,0,229,146,0.637554585152838
124,1,1,3,"pentagon",3,2,325,1,9,1,0.925,"pentagon",167,0,38,7,18,9,0,0,205,0,0
124,1,1,4,"square",2,2,355,0,9,0.92436974789916,0.216666666666667,"square",34,23,2,26,28,0,23,103,82,34,0.414634146341463
124,1,1,5,"isosceles_triangle",1,2,325,1,9,0.991596638655462,1,"isosceles_triangle",185,0,1,7,14,1,31,0,217,31,0.142857142857143
124,1,1,6,"equilateral_triangle",4,2,355,1,9,0.974789915966387,0.55,"equilateral_triangle",0,78,0,37,4,35,63,22,141,0,0
124,1,2,1,"rhombus",2,1,5,1,9,1,1,"rhombus",0,0,48,29,74,0,90,0,138,0,0
124,1,2,2,"object",3,1,25,1,9,1,1,"duck",85,37,89,6,4,0,18,0,229,37,0.161572052401747
124,1,2,3,"pentagon",4,1,5,0,9,0.873949579831933,0.285714285714286,"pentagon",38,1,33,9,41,97,16,3,88,33,0.375
124,1,2,4,"square",1,1,25,1,9,0.949579831932773,1,"square",42,40,0,62,4,6,85,0,167,85,0.508982035928144
124,1,2,5,"isosceles_triangle",2,1,5,1,9,1,0.680672268907563,"isosceles_triangle",12,98,0,24,36,38,30,0,140,12,0.0857142857142857
124,1,2,6,"equilateral_triangle",3,1,25,0,9,1,0,"equilateral_triangle",20,73,0,6,19,121,1,0,94,73,0.776595744680851
124,1,3,1,"rhombus",3,2,25,0,9,0.449152542372881,0,"rhombus",0,0,0,14,2,184,37,1,37,0,0
124,1,3,2,"object",2,2,5,1,9,1,1,"car",100,37,28,6,22,0,46,0,211,100,0.4739336492891
124,1,3,3,"pentagon",1,2,25,0,9,0,0,"pentagon",0,0,0,0,0,239,0,0,0,0,NA
124,1,3,4,"square",4,2,5,0,9,0,0,"square",0,0,0,0,0,239,0,0,0,0,NA
124,1,3,5,"isosceles_triangle",3,2,25,0,9,0,0,"isosceles_triangle",0,0,0,0,0,240,0,0,0,0,NA
124,1,3,6,"equilateral_triangle",2,2,5,0,9,0,0.336065573770492,"equilateral_triangle",0,0,0,0,1,200,40,0,40,0,0
125,1,1,1,"rhombus",1,2,325,1,9,1,0.6,"rhombus",49,66,0,54,22,0,0,48,115,0,0
125,1,1,2,"object",4,2,355,1,9,1,1,"car",98,0,118,7,16,0,0,0,216,118,0.546296296296296
125,1,1,3,"pentagon",3,2,325,1,9,0.899159663865546,1,"pentagon",87,36,88,12,4,0,0,12,211,36,0.170616113744076
125,1,1,4,"square",2,2,355,1,9,0.865546218487395,0.525,"square",48,72,17,10,19,0,0,73,137,48,0.35036496350365
125,1,1,5,"isosceles_triangle",1,2,325,1,9,1,0.512605042016807,"isosceles_triangle",66,15,69,5,24,17,1,41,151,1,0.00662251655629139
125,1,1,6,"equilateral_triangle",4,2,355,0,9,0.722689075630252,0.05,"equilateral_triangle",23,33,6,27,3,72,0,75,62,6,0.0967741935483871
125,1,2,1,"rhombus",2,1,5,0,9,0.979865771812081,1,"rhombus",107,58,47,15,39,0,0,3,212,107,0.504716981132076
125,1,2,2,"object",3,1,25,1,9,1,1,"duck",102,12,36,13,8,0,68,0,218,12,0.055045871559633
125,1,2,3,"pentagon",4,1,5,0,9,0.791304347826087,0,"pentagon",35,0,0,48,8,141,0,4,35,0,0
125,1,2,4,"square",1,1,25,0,9,1,0.225,"square",115,0,0,3,28,0,0,93,115,0,0
125,1,2,5,"isosceles_triangle",2,1,5,0,9,0.551724137931034,0,"isosceles_triangle",2,20,0,10,32,171,0,1,22,2,0.0909090909090909
125,1,2,6,"equilateral_triangle",3,1,25,0,9,0.815126050420168,0.352941176470588,"equilateral_triangle",76,1,0,0,54,37,8,62,85,1,0.0117647058823529
125,1,3,1,"rhombus",3,2,25,0,9,0.559322033898305,0,"rhombus",0,35,0,8,23,114,0,61,35,35,1
125,1,3,2,"object",2,2,5,1,9,1,1,"car",111,54,40,5,29,0,0,0,205,111,0.541463414634146
125,1,3,3,"pentagon",1,2,25,0,9,1,0,"pentagon",39,28,0,12,40,0,0,120,67,0,0
125,1,3,4,"square",4,2,5,0,9,0.638655462184874,0,"square",0,0,28,48,0,96,0,68,28,28,1
125,1,3,5,"isosceles_triangle",3,2,25,0,9,0.423728813559322,0,"isosceles_triangle",0,0,0,49,1,185,0,0,0,0,NA
125,1,3,6,"equilateral_triangle",2,2,5,1,9,1,1,"equilateral_triangle",102,27,36,26,48,0,0,0,165,102,0.618181818181818
125,1,4,1,"rhombus",4,1,355,0,9,0.857142857142857,0.341666666666667,"rhombus",65,21,0,32,25,76,0,20,86,0,0
125,1,4,2,"object",1,1,325,1,9,1,1,"duck",50,38,52,11,18,0,70,0,210,70,0.333333333333333
125,1,4,3,"pentagon",2,1,355,0,9,0.613445378151261,0.233333333333333,"pentagon",26,2,6,32,34,128,1,10,35,26,0.742857142857143
125,1,4,4,"square",3,1,325,0,9,0.92436974789916,0.140495867768595,"square",42,47,0,33,5,86,0,27,89,47,0.528089887640449
125,1,4,5,"isosceles_triangle",4,1,355,0,9,0.789915966386555,0.34453781512605,"isosceles_triangle",84,1,0,12,38,74,0,29,85,0,0
125,1,4,6,"equilateral_triangle",1,1,325,0,9,0.652542372881356,0,"equilateral_triangle",20,0,21,32,4,158,0,2,41,0,0
127,1,1,1,"square",3,2,355,1,8,0.754237288135593,0.991666666666667,"square",34,69,2,9,56,26,38,4,143,69,0.482517482517482
127,1,1,2,"isosceles_triangle",4,2,325,1,8,1,0.555555555555556,"isosceles_triangle",68,60,0,52,4,49,0,3,128,0,0
127,1,1,3,"pentagon",1,2,355,1,8,1,0.925,"pentagon",69,2,0,83,4,4,72,5,143,72,0.503496503496504
127,1,1,4,"object",3,2,325,1,8,0.983193277310924,1,"car",64,167,0,5,1,2,0,0,231,167,0.722943722943723
127,1,1,5,"equilateral_triangle",3,2,355,1,8,0.932773109243697,0.793388429752066,"equilateral_triangle",61,19,1,42,84,10,0,23,81,19,0.234567901234568
127,1,1,6,"rhombus",4,2,325,1,8,0.754237288135593,0.558333333333333,"rhombus",2,22,2,31,36,34,63,48,89,2,0.0224719101123595
127,1,2,1,"square",4,1,325,0,8,0.957746478873239,0.591666666666667,"square",110,0,35,3,59,47,0,8,145,35,0.241379310344828
127,1,2,2,"isosceles_triangle",3,1,355,0,8,0.0593220338983051,0,"isosceles_triangle",0,0,0,7,0,231,0,0,0,0,NA
127,1,2,3,"pentagon",2,1,325,0,8,0.278260869565217,0.209677419354839,"pentagon",0,26,30,2,0,51,0,130,56,0,0
127,1,2,4,"object",2,1,355,1,8,1,1,"duck",52,95,0,8,13,0,72,0,219,52,0.237442922374429
127,1,2,5,"equilateral_triangle",4,1,325,0,8,0.00840336134453781,0.391666666666667,"equilateral_triangle",0,0,47,1,0,117,0,74,47,47,1
127,1,2,6,"rhombus",3,1,355,0,8,0.26890756302521,0,"rhombus",0,29,0,3,0,79,0,127,29,29,1
127,1,3,1,"square",1,2,5,0,8,0.846153846153846,0.325,"square",21,39,1,30,21,18,26,81,87,26,0.298850574712644
127,1,3,2,"isosceles_triangle",2,2,25,0,8,0.411764705882353,0,"isosceles_triangle",0,0,1,9,39,82,0,107,1,0,0
127,1,3,3,"pentagon",3,2,5,0,8,0.899159663865546,0.17741935483871,"pentagon",29,26,22,30,22,48,0,66,77,26,0.337662337662338
127,1,3,4,"object",0,2,25,0,8,1,0.933333333333333,"duck",10,128,0,21,2,0,70,8,208,NA,NA
127,1,3,5,"equilateral_triangle",1,2,5,0,8,0.65546218487395,0,"equilateral_triangle",0,50,0,22,6,123,0,35,50,0,0
127,1,3,6,"rhombus",2,2,25,0,8,0.271186440677966,0,"rhombus",0,1,0,30,1,206,0,1,1,0,0
127,1,4,1,"square",2,1,25,0,8,0.983193277310924,0,"square",0,12,22,35,4,118,44,1,78,0,0
127,1,4,2,"isosceles_triangle",1,1,5,0,8,0.71304347826087,0.302521008403361,"isosceles_triangle",0,0,1,26,48,116,43,0,44,43,0.977272727272727
127,1,4,3,"pentagon",4,1,25,1,8,0.865546218487395,0.613445378151261,"pentagon",57,77,0,30,12,51,0,11,134,0,0
127,1,4,4,"object",4,1,5,0,8,0.235294117647059,0.533333333333333,"car",33,49,0,3,7,147,0,0,82,0,0
127,1,4,5,"equilateral_triangle",1,1,25,0,8,0,0.0245901639344262,"equilateral_triangle",3,0,0,0,0,239,0,0,3,0,0
127,1,4,6,"rhombus",3,1,5,0,8,0,0,"rhombus",0,0,0,0,0,161,0,44,0,0,NA
128,1,1,1,"pentagon",2,2,325,0,16,1,1,"pentagon",0,57,42,15,8,0,157,0,256,0,0
128,1,1,2,"square",4,2,355,1,16,0.764705882352941,0.966666666666667,"square",3,95,0,15,20,4,74,28,172,0,0
128,1,1,3,"object",4,2,325,1,16,0.983193277310924,1,"duck",0,123,35,7,5,2,67,0,225,35,0.155555555555556
128,1,1,4,"equilateral_triangle",1,2,355,1,16,0.966386554621849,0.816666666666667,"equilateral_triangle",2,65,0,7,26,4,113,22,180,113,0.627777777777778
128,1,1,5,"rhombus",2,2,325,1,16,1,0.669421487603306,"rhombus",3,74,0,7,45,0,71,40,148,3,0.0202702702702703
128,1,1,6,"isosceles_triangle",4,2,355,1,16,0.672268907563025,0.983333333333333,"isosceles_triangle",0,108,0,6,4,2,80,39,188,0,0
128,1,2,1,"pentagon",3,1,5,1,16,0.857142857142857,1,"pentagon",0,94,43,12,4,0,69,17,206,94,0.456310679611651
128,1,2,2,"square",1,1,25,1,16,1,1,"square",0,78,52,6,2,0,101,0,231,101,0.437229437229437
128,1,2,3,"object",0,1,5,0,16,1,1,"car",0,66,56,7,6,0,104,0,226,NA,NA
128,1,2,4,"equilateral_triangle",2,1,25,0,16,0.369747899159664,0.495798319327731,"equilateral_triangle",0,94,0,8,1,123,0,12,94,0,0
128,1,2,5,"rhombus",3,1,5,0,16,0.378151260504202,0.825,"rhombus",30,37,43,6,28,22,0,73,110,37,0.336363636363636
128,1,2,6,"isosceles_triangle",1,1,25,0,16,0.466666666666667,0.613445378151261,"isosceles_triangle",20,74,0,15,19,48,1,62,95,1,0.0105263157894737
128,1,3,1,"pentagon",4,2,25,1,16,0.815126050420168,0.859504132231405,"pentagon",46,63,39,6,28,39,19,0,167,39,0.233532934131737
128,1,3,2,"square",2,2,5,1,16,0.781512605042017,0.716666666666667,"square",41,51,40,10,19,42,18,18,150,41,0.273333333333333
128,1,3,3,"object",2,2,25,1,16,0.781512605042017,0.833333333333333,"duck",0,116,2,7,8,46,60,0,178,0,0
128,1,3,4,"equilateral_triangle",3,2,5,0,16,0.848739495798319,0.816666666666667,"equilateral_triangle",41,52,27,9,9,40,61,0,181,52,0.287292817679558
128,1,3,5,"rhombus",4,2,25,1,16,0.789915966386555,0.783333333333333,"rhombus",38,17,67,10,17,51,39,0,161,67,0.416149068322981
128,1,3,6,"isosceles_triangle",2,2,5,1,16,0.732758620689655,0.75,"isosceles_triangle",0,40,40,26,8,61,61,0,141,0,0
128,1,4,1,"pentagon",1,1,355,0,16,0.747899159663866,0.808333333333333,"pentagon",32,0,59,9,36,53,50,0,141,50,0.354609929078014
128,1,4,2,"square",3,1,325,1,16,0.756302521008403,0.841666666666667,"square",0,35,50,27,16,48,63,0,148,35,0.236486486486486
128,1,4,3,"object",3,1,355,1,16,0.890756302521008,0.741666666666667,"car",29,68,0,2,21,44,75,0,172,68,0.395348837209302
128,1,4,4,"equilateral_triangle",4,1,325,1,16,0.907563025210084,0.716666666666667,"equilateral_triangle",27,0,63,17,13,45,74,0,164,63,0.384146341463415
128,1,4,5,"rhombus",1,1,355,0,16,0.134453781512605,0.791666666666667,"rhombus",0,49,0,0,14,108,48,20,97,48,0.494845360824742
128,1,4,6,"isosceles_triangle",3,1,325,1,16,0.705882352941177,0.683333333333333,"isosceles_triangle",0,112,0,13,25,50,16,23,128,112,0.875
129,0,1,1,"pentagon",2,2,325,1,4,0.571428571428571,0.941666666666667,"pentagon",9,35,1,1,84,18,51,40,96,9,0.09375
129,0,1,2,"square",4,2,355,0,4,0.579831932773109,0.3,"square",0,58,7,0,40,12,0,122,65,7,0.107692307692308
129,0,1,3,"object",4,2,325,1,4,1,0.95,"duck",0,30,60,1,84,6,58,0,148,60,0.405405405405405
129,0,1,4,"equilateral_triangle",1,2,355,0,4,0.773109243697479,0.258333333333333,"equilateral_triangle",0,1,21,21,45,18,35,98,57,35,0.614035087719298
129,0,1,5,"rhombus",2,2,325,1,4,0.915966386554622,0.702479338842975,"rhombus",0,54,8,2,78,10,52,36,114,0,0
129,0,1,6,"isosceles_triangle",4,2,355,0,4,0.529411764705882,0.35,"isosceles_triangle",0,0,23,1,81,32,0,102,23,23,1
129,0,2,1,"pentagon",3,1,5,0,4,0.764705882352941,0,"pentagon",1,0,5,0,64,125,21,23,27,0,0
129,0,2,2,"square",1,1,25,0,4,0.382608695652174,0,"square",0,1,0,2,32,150,9,42,10,9,0.9
129,0,2,3,"object",0,1,5,0,4,0.957983193277311,0.983333333333333,"car",15,0,70,0,94,7,53,0,138,NA,NA
129,0,2,4,"equilateral_triangle",2,1,25,0,4,0.638655462184874,0.283333333333333,"equilateral_triangle",0,0,73,0,37,21,0,108,73,0,0
129,0,2,5,"rhombus",3,1,5,0,4,0.271186440677966,0.10655737704918,"rhombus",0,0,12,0,33,148,0,47,12,0,0
129,0,2,6,"isosceles_triangle",1,1,25,0,4,0.932773109243697,0.175,"isosceles_triangle",0,0,9,1,82,4,40,103,49,40,0.816326530612245
129,0,3,1,"pentagon",4,2,25,0,4,0.442176870748299,0.225,"pentagon",1,1,5,2,54,10,29,165,36,5,0.138888888888889
129,0,3,2,"square",2,2,5,0,4,0.899159663865546,0.483333333333333,"square",0,54,60,1,50,11,0,63,114,0,0
129,0,3,3,"object",2,2,25,1,4,0.957983193277311,0.983333333333333,"duck",0,19,90,0,50,7,73,0,182,0,0
129,0,3,4,"equilateral_triangle",3,2,5,0,4,0,0,"equilateral_triangle",0,0,0,0,0,164,0,76,0,0,NA
129,0,3,5,"rhombus",4,2,25,0,4,0,0,"rhombus",0,0,0,0,0,220,0,14,0,0,NA
129,0,3,6,"isosceles_triangle",2,2,5,0,4,0.0847457627118644,0,"isosceles_triangle",0,0,0,1,9,228,0,1,0,0,NA
130,1,1,1,"square",3,2,355,1,22,1,1,"square",99,36,63,21,20,0,0,0,198,36,0.181818181818182
130,1,1,2,"isosceles_triangle",4,2,325,1,22,1,1,"isosceles_triangle",87,0,81,24,47,0,0,0,168,81,0.482142857142857
130,1,1,3,"pentagon",1,2,355,1,22,1,0.991666666666667,"pentagon",79,34,79,10,37,1,0,0,192,0,0
130,1,1,4,"object",3,2,325,1,22,1,1,"car",0,106,0,6,4,0,123,0,229,106,0.462882096069869
130,1,1,5,"equilateral_triangle",3,2,355,1,22,1,1,"equilateral_triangle",152,0,0,33,2,0,52,0,204,0,0
130,1,1,6,"rhombus",4,2,325,1,22,0.890756302521008,0.991666666666667,"rhombus",48,0,146,27,4,1,0,13,194,146,0.752577319587629
130,1,2,1,"square",4,1,325,1,22,0.823529411764706,1,"square",10,0,171,23,14,0,0,21,181,171,0.94475138121547
130,1,2,2,"isosceles_triangle",3,1,355,1,22,1,1,"isosceles_triangle",120,0,84,21,14,0,0,0,204,0,0
130,1,2,3,"pentagon",2,1,325,1,22,0.823529411764706,0.65,"pentagon",0,0,159,16,1,0,0,63,159,0,0
130,1,2,4,"object",2,1,355,1,22,1,1,"duck",0,20,61,6,33,0,119,0,200,0,0
130,1,2,5,"equilateral_triangle",4,1,325,1,22,1,0.966666666666667,"equilateral_triangle",55,0,127,31,22,4,0,0,182,127,0.697802197802198
130,1,2,6,"rhombus",3,1,355,1,22,1,1,"rhombus",22,0,170,23,25,0,0,0,192,0,0
130,1,3,1,"square",1,2,5,1,22,0.915966386554622,1,"square",1,32,130,27,3,0,36,10,199,36,0.180904522613065
130,1,3,2,"isosceles_triangle",2,2,25,1,22,1,0.716666666666667,"isosceles_triangle",24,122,0,49,10,0,1,34,147,24,0.163265306122449
130,1,3,3,"pentagon",3,2,5,1,22,0.92436974789916,1,"pentagon",6,115,56,38,15,0,0,9,177,115,0.649717514124294
130,1,3,4,"object",0,2,25,0,22,1,1,"duck",0,26,22,14,6,0,172,0,220,NA,NA
130,1,3,5,"equilateral_triangle",1,2,5,1,22,0.915966386554622,1,"equilateral_triangle",61,44,89,31,4,10,0,0,194,0,0
130,1,3,6,"rhombus",2,2,25,0,22,0.554621848739496,0.425,"rhombus",0,45,1,30,41,8,0,114,46,0,0
130,1,4,1,"square",2,1,25,1,22,1,1,"square",46,0,164,29,1,0,0,0,210,46,0.219047619047619
130,1,4,2,"isosceles_triangle",1,1,5,1,22,1,0.758620689655172,"isosceles_triangle",118,0,45,29,15,28,0,0,163,0,0
130,1,4,3,"pentagon",4,1,25,1,22,0.882352941176471,1,"pentagon",61,26,74,39,24,11,1,3,162,74,0.45679012345679
130,1,4,4,"object",4,1,5,1,22,0.974789915966387,0.991666666666667,"car",50,10,163,7,5,4,0,0,223,163,0.730941704035874
130,1,4,5,"equilateral_triangle",1,1,25,1,22,1,1,"equilateral_triangle",161,0,40,29,9,0,0,0,201,0,0
130,1,4,6,"rhombus",3,1,5,1,22,0.78448275862069,0.725,"rhombus",85,0,49,24,20,47,0,11,134,0,0
131,1,1,1,"rhombus",2,2,5,1,17,0.823529411764706,1,"rhombus",0,70,0,43,2,10,103,11,173,0,0
131,1,1,2,"equilateral_triangle",3,2,25,1,17,1,1,"equilateral_triangle",107,23,0,47,1,0,62,0,192,23,0.119791666666667
131,1,1,3,"object",4,2,5,1,17,1,0.966666666666667,"car",33,44,0,26,16,4,116,0,193,0,0
131,1,1,4,"pentagon",1,2,25,1,17,1,1,"pentagon",0,72,0,47,0,0,120,0,192,120,0.625
131,1,1,5,"square",2,2,5,0,17,0.310924369747899,1,"square",78,76,0,1,2,32,0,50,154,78,0.506493506493506
131,1,1,6,"isosceles_triangle",3,2,25,1,17,1,0.793388429752066,"isosceles_triangle",43,80,0,55,37,1,0,24,123,80,0.650406504065041
131,1,2,1,"rhombus",3,1,25,0,17,0,0,"rhombus",0,0,0,0,0,276,0,0,0,0,NA
131,1,2,2,"equilateral_triangle",2,1,5,1,17,0.983193277310924,0.9,"equilateral_triangle",0,58,0,39,2,3,126,11,184,0,0
131,1,2,3,"object",1,1,25,1,17,1,0.85,"duck",40,0,0,4,9,18,168,0,208,168,0.807692307692308
131,1,2,4,"pentagon",4,1,5,1,17,0.596638655462185,0.75,"pentagon",61,57,0,0,3,69,40,9,158,0,0
131,1,2,5,"square",3,1,25,0,17,0.53781512605042,0.366666666666667,"square",0,66,0,28,14,15,0,116,66,66,1
131,1,2,6,"isosceles_triangle",2,1,5,1,17,0.949579831932773,0.883333333333333,"isosceles_triangle",30,86,0,31,5,12,67,8,183,30,0.163934426229508
131,1,3,1,"rhombus",4,2,355,0,17,0.693877551020408,0.661157024793388,"rhombus",0,37,0,25,78,25,42,61,79,0,0
131,1,3,2,"equilateral_triangle",1,2,325,0,17,0.5,0,"equilateral_triangle",0,28,0,30,1,179,0,0,28,0,0
131,1,3,3,"object",2,2,355,1,17,0.840336134453782,0.925,"car",105,32,54,14,6,28,0,0,191,105,0.549738219895288
131,1,3,4,"pentagon",3,2,325,1,17,0.579831932773109,0.658333333333333,"pentagon",0,55,0,43,4,24,46,67,101,55,0.544554455445545
131,1,3,5,"square",4,2,355,1,17,1,0.875,"square",74,42,0,23,19,0,67,15,183,0,0
131,1,3,6,"isosceles_triangle",1,2,325,1,17,0.957983193277311,0.85,"isosceles_triangle",56,62,0,71,27,11,0,12,118,0,0
131,1,4,1,"rhombus",1,1,325,1,17,0.764705882352941,0.775,"rhombus",80,16,0,1,33,55,54,0,150,54,0.36
131,1,4,2,"equilateral_triangle",4,1,355,1,17,0.756302521008403,0.991666666666667,"equilateral_triangle",65,41,0,98,5,1,0,29,106,0,0
131,1,4,3,"object",3,1,325,1,17,1,1,"duck",97,111,0,19,13,0,0,0,208,111,0.533653846153846
131,1,4,4,"pentagon",2,1,355,0,17,0,0,"pentagon",0,0,0,0,0,239,0,0,0,0,NA
131,1,4,5,"square",1,1,325,0,17,0,0,"square",0,0,0,0,0,240,0,0,0,0,NA
131,1,4,6,"isosceles_triangle",4,1,355,1,17,0.575,0.85,"isosceles_triangle",84,0,10,0,59,69,18,0,112,10,0.0892857142857143
132,1,1,1,"rhombus",2,2,5,1,22,1,1,"rhombus",22,82,0,28,6,0,101,0,205,22,0.107317073170732
132,1,1,2,"equilateral_triangle",3,2,25,1,22,1,1,"equilateral_triangle",73,59,0,8,27,0,72,0,204,59,0.28921568627451
132,1,1,3,"object",4,2,5,1,22,1,1,"car",31,25,0,2,4,0,177,0,233,0,0
132,1,1,4,"pentagon",1,2,25,1,22,1,1,"pentagon",35,0,0,8,2,0,195,0,230,195,0.847826086956522
132,1,1,5,"square",2,2,5,1,22,1,1,"square",130,0,0,29,15,0,65,0,195,130,0.666666666666667
132,1,1,6,"isosceles_triangle",3,2,25,1,22,1,1,"isosceles_triangle",94,0,0,5,3,0,138,0,232,0,0
132,1,2,1,"rhombus",3,1,25,0,22,1,1,"rhombus",160,14,16,53,29,0,0,0,190,14,0.0736842105263158
132,1,2,2,"equilateral_triangle",2,1,5,1,22,1,1,"equilateral_triangle",132,0,0,33,1,0,73,0,205,132,0.64390243902439
132,1,2,3,"object",1,1,25,1,22,1,1,"duck",145,0,0,2,3,0,90,0,235,90,0.382978723404255
132,1,2,4,"pentagon",4,1,5,1,22,1,1,"pentagon",172,0,0,2,3,0,62,0,234,0,0
132,1,2,5,"square",3,1,25,1,22,1,1,"square",99,0,0,5,11,0,125,0,224,0,0
132,1,2,6,"isosceles_triangle",2,1,5,1,22,1,1,"isosceles_triangle",99,2,0,3,6,0,129,0,230,99,0.430434782608696
132,1,3,1,"rhombus",4,2,355,1,22,1,1,"rhombus",67,0,0,17,0,0,155,0,222,0,0
132,1,3,2,"equilateral_triangle",1,2,325,1,22,1,1,"equilateral_triangle",100,0,0,16,2,0,122,0,222,122,0.54954954954955
132,1,3,3,"object",2,2,355,1,22,0.991596638655462,1,"car",134,0,0,1,0,1,103,0,237,134,0.565400843881857
132,1,3,4,"pentagon",3,2,325,1,22,1,1,"pentagon",109,0,0,14,2,0,114,0,223,0,0
132,1,3,5,"square",4,2,355,1,22,1,0.875,"square",51,9,45,4,26,0,89,15,194,45,0.231958762886598
132,1,3,6,"isosceles_triangle",1,2,325,0,22,1,0.132231404958678,"isosceles_triangle",30,0,39,63,3,0,0,105,69,0,0
132,1,4,1,"rhombus",1,1,325,1,22,1,1,"rhombus",87,43,0,31,13,0,69,0,199,69,0.346733668341709
132,1,4,2,"equilateral_triangle",4,1,355,1,22,1,1,"equilateral_triangle",138,0,0,22,18,0,61,0,199,0,0
132,1,4,3,"object",3,1,325,1,22,1,1,"duck",57,21,0,13,16,0,132,0,210,21,0.1
132,1,4,4,"pentagon",2,1,355,1,22,1,1,"pentagon",82,56,0,5,15,0,81,0,219,82,0.374429223744292
132,1,4,5,"square",1,1,325,1,22,0.991666666666667,0.758333333333333,"square",95,0,21,22,42,1,30,29,146,30,0.205479452054795
132,1,4,6,"isosceles_triangle",4,1,355,1,22,1,1,"isosceles_triangle",102,0,0,19,2,0,116,0,218,0,0
133,1,1,1,"rhombus",3,1,25,1,16,1,1,"rhombus",116,0,53,54,17,0,0,0,169,0,0
133,1,1,2,"pentagon",2,1,5,1,16,1,1,"pentagon",144,0,45,38,12,0,0,0,189,144,0.761904761904762
133,1,1,3,"isosceles_triangle",1,1,25,1,16,1,1,"isosceles_triangle",105,0,0,40,4,0,90,0,195,90,0.461538461538462
133,1,1,4,"object",4,1,5,1,16,1,0.983333333333333,"car",36,38,127,6,9,0,21,2,222,127,0.572072072072072
133,1,1,5,"equilateral_triangle",3,1,25,0,16,1,0.487394957983193,"equilateral_triangle",71,0,0,35,1,61,70,0,141,0,0
133,1,1,6,"square",2,1,5,1,16,1,1,"square",149,0,39,33,18,0,0,0,188,149,0.792553191489362
133,1,2,1,"rhombus",4,2,355,1,16,1,1,"rhombus",158,0,39,35,8,0,0,0,197,39,0.197969543147208
133,1,2,2,"pentagon",1,2,325,1,16,1,0.95,"pentagon",111,0,21,34,9,6,58,0,190,58,0.305263157894737
133,1,2,3,"isosceles_triangle",2,2,355,1,16,0.966386554621849,0.84297520661157,"isosceles_triangle",118,0,39,46,14,8,0,15,157,118,0.751592356687898
133,1,2,4,"object",3,2,325,1,16,1,1,"duck",50,120,41,16,12,0,0,0,211,120,0.568720379146919
133,1,2,5,"equilateral_triangle",4,2,355,1,16,1,0.991735537190083,"equilateral_triangle",122,0,45,18,54,1,0,0,167,45,0.269461077844311
133,1,2,6,"square",1,2,325,1,16,0.907563025210084,0.9,"square",84,0,38,22,45,16,27,7,149,27,0.181208053691275
133,1,3,1,"rhombus",1,1,325,0,16,0.657718120805369,0,"rhombus",61,0,0,26,11,170,0,0,61,0,0
133,1,3,2,"pentagon",4,1,355,0,16,1,0.151260504201681,"pentagon",27,0,62,23,26,61,0,40,89,62,0.696629213483146
133,1,3,3,"isosceles_triangle",3,1,325,1,16,1,0.529411764705882,"isosceles_triangle",57,0,1,27,6,56,91,0,149,0,0
133,1,3,4,"object",2,1,355,1,16,1,1,"car",39,0,54,23,2,0,121,0,214,39,0.182242990654206
133,1,3,5,"equilateral_triangle",1,1,325,0,16,0.991596638655462,0.191666666666667,"equilateral_triangle",49,0,0,26,9,98,57,0,106,57,0.537735849056604
133,1,3,6,"square",4,1,355,0,16,0.19327731092437,0.768595041322314,"square",93,0,0,23,0,124,0,0,93,0,0
133,1,4,1,"rhombus",2,2,5,0,16,0.313559322033898,0,"rhombus",4,0,0,0,33,202,0,0,4,4,1
133,1,4,2,"pentagon",3,2,25,0,16,0.504201680672269,0,"pentagon",1,0,0,1,24,148,34,28,35,0,0
133,1,4,3,"isosceles_triangle",4,2,5,1,16,0.891666666666667,1,"isosceles_triangle",3,0,151,0,73,13,0,0,154,151,0.980519480519481
133,1,4,4,"object",1,2,25,1,16,0.991596638655462,1,"duck",0,0,153,0,85,1,0,0,153,0,0
133,1,4,5,"equilateral_triangle",2,2,5,0,16,1,0.875,"equilateral_triangle",0,17,0,0,207,15,0,0,17,0,0
133,1,4,6,"square",3,2,25,1,16,1,0.837606837606838,"square",105,0,0,40,38,19,34,0,139,0,0
135,1,1,1,"equilateral_triangle",3,2,25,1,13,1,1,"equilateral_triangle",26,0,52,37,13,0,111,0,189,0,0
135,1,1,2,"square",1,2,5,1,13,0.621848739495798,0.741666666666667,"square",0,118,0,26,3,0,16,76,134,16,0.119402985074627
135,1,1,3,"isosceles_triangle",2,2,25,1,13,1,0.991666666666667,"isosceles_triangle",0,28,61,23,84,0,42,1,131,0,0
135,1,1,4,"object",4,2,5,1,13,1,1,"car",0,132,8,24,15,0,61,0,201,8,0.0398009950248756
135,1,1,5,"pentagon",3,2,25,1,13,1,1,"pentagon",42,21,58,16,56,0,46,0,167,21,0.125748502994012
135,1,1,6,"rhombus",1,2,5,1,13,1,1,"rhombus",0,26,79,44,90,0,0,0,105,0,0
135,1,2,1,"equilateral_triangle",4,1,355,1,13,0.764705882352941,0.508333333333333,"equilateral_triangle",0,23,71,28,30,0,0,87,94,71,0.75531914893617
135,1,2,2,"square",2,1,325,0,13,1,0.175,"square",0,0,62,32,46,0,0,99,62,0,0
135,1,2,3,"isosceles_triangle",1,1,355,1,13,0.882352941176471,0.541666666666667,"isosceles_triangle",0,80,35,35,20,2,0,67,115,0,0
135,1,2,4,"object",3,1,325,1,13,1,1,"duck",31,169,18,20,2,0,0,0,218,169,0.775229357798165
135,1,2,5,"pentagon",4,1,355,0,13,0.697478991596639,0.316666666666667,"pentagon",0,20,31,31,39,0,0,118,51,31,0.607843137254902
135,1,2,6,"rhombus",2,1,325,0,13,0.428571428571429,0.358333333333333,"rhombus",0,26,20,31,17,9,0,136,46,0,0
135,1,3,1,"equilateral_triangle",1,2,325,0,13,0.433333333333333,0.603448275862069,"equilateral_triangle",49,0,38,24,24,105,0,26,87,0,0
135,1,3,2,"square",3,2,355,1,13,1,0.675,"square",0,1,49,46,52,4,52,35,102,1,0.00980392156862745
135,1,3,3,"isosceles_triangle",4,2,325,0,13,0.495798319327731,0.6,"isosceles_triangle",25,0,53,28,25,0,0,108,78,53,0.67948717948718
135,1,3,4,"object",2,2,355,1,13,1,0.785123966942149,"car",0,146,0,16,3,9,49,17,195,0,0
135,1,3,5,"pentagon",1,2,325,0,13,0.260504201680672,0.283333333333333,"pentagon",0,27,0,30,8,0,0,174,27,0,0
135,1,3,6,"rhombus",3,2,355,1,13,0.512605042016807,0.641666666666667,"rhombus",22,0,46,30,40,7,0,94,68,0,0
135,1,4,1,"equilateral_triangle",2,1,5,0,13,0.680272108843537,0.6,"equilateral_triangle",0,56,18,2,59,2,37,93,111,0,0
135,1,4,2,"square",4,1,25,0,13,0.579831932773109,0.297520661157025,"square",44,3,0,33,25,0,0,135,47,0,0
135,1,4,3,"isosceles_triangle",3,1,5,1,13,0.504201680672269,0.558333333333333,"isosceles_triangle",0,3,83,20,21,28,0,84,86,3,0.0348837209302326
135,1,4,4,"object",1,1,25,0,13,1,0.275,"duck",0,103,0,11,7,10,31,77,134,31,0.23134328358209
135,1,4,5,"pentagon",2,1,5,0,13,0.798319327731092,0.466666666666667,"pentagon",0,68,0,26,32,10,25,78,93,0,0
135,1,4,6,"rhombus",4,1,25,0,13,0.672268907563025,0.420168067226891,"rhombus",0,3,105,19,3,53,0,55,108,105,0.972222222222222
136,1,1,1,"equilateral_triangle",2,1,5,1,15,0.915966386554622,0.975206611570248,"equilateral_triangle",29,35,19,78,17,13,49,0,132,29,0.21969696969697
136,1,1,2,"pentagon",4,1,25,1,15,0.932773109243697,0.875,"pentagon",44,45,75,2,8,8,42,15,206,75,0.364077669902913
136,1,1,3,"object",3,1,5,1,15,0.865546218487395,1,"car",83,37,26,0,8,16,69,0,215,37,0.172093023255814
136,1,1,4,"rhombus",1,1,25,1,15,0.92436974789916,0.925,"rhombus",67,28,41,14,11,18,60,0,196,60,0.306122448979592
136,1,1,5,"isosceles_triangle",2,1,5,1,15,0.873949579831933,0.916666666666667,"isosceles_triangle",55,31,52,9,9,25,58,0,196,55,0.280612244897959
136,1,1,6,"square",4,1,25,1,15,0.882352941176471,0.933333333333333,"square",43,35,90,4,8,22,37,0,205,90,0.439024390243902
136,1,2,1,"equilateral_triangle",3,2,25,0,15,0.927631578947368,0.683333333333333,"equilateral_triangle",80,60,13,1,9,49,60,0,213,60,0.28169014084507
136,1,2,2,"pentagon",1,2,5,1,15,0.831932773109244,0.941666666666667,"pentagon",45,51,18,1,8,27,89,0,203,89,0.438423645320197
136,1,2,3,"object",2,2,25,1,15,0.915966386554622,0.633333333333333,"car",51,38,57,8,5,27,26,27,172,51,0.296511627906977
136,1,2,4,"rhombus",4,2,5,1,15,0.773109243697479,0.825,"rhombus",47,76,27,6,6,33,29,15,179,27,0.150837988826816
136,1,2,5,"isosceles_triangle",3,2,25,1,15,0.882352941176471,0.677685950413223,"isosceles_triangle",69,42,34,0,13,18,29,35,174,42,0.241379310344828
136,1,2,6,"square",1,2,5,1,15,0.73109243697479,0.725,"square",64,1,3,6,46,43,54,22,122,54,0.442622950819672
136,1,3,1,"equilateral_triangle",4,1,355,0,15,0,0,"equilateral_triangle",0,0,0,0,0,239,0,0,0,0,NA
136,1,3,2,"pentagon",2,1,325,0,15,0,0,"pentagon",0,0,0,0,0,239,0,0,0,0,NA
136,1,3,3,"object",1,1,355,0,15,0,0,"car",0,0,0,0,0,242,0,0,0,0,NA
136,1,3,4,"rhombus",3,1,325,0,15,0.643478260869565,0,"rhombus",20,4,12,7,4,152,27,9,63,4,0.0634920634920635
136,1,3,5,"isosceles_triangle",4,1,355,1,15,0.840336134453782,0.85,"isosceles_triangle",25,59,25,39,11,37,43,0,152,25,0.164473684210526
136,1,3,6,"square",2,1,325,1,15,0.882352941176471,1,"square",50,13,129,11,7,14,16,0,208,50,0.240384615384615
136,1,4,1,"equilateral_triangle",1,2,325,0,15,0.536423841059603,0.866666666666667,"equilateral_triangle",48,24,41,16,14,60,42,26,155,42,0.270967741935484
136,1,4,2,"pentagon",3,2,355,1,15,0.932773109243697,0.8,"pentagon",26,11,41,0,35,32,94,0,172,11,0.063953488372093
136,1,4,3,"object",4,2,325,1,15,0.915966386554622,0.891666666666667,"car",47,56,68,6,8,23,31,0,202,68,0.336633663366337
136,1,4,4,"rhombus",2,2,355,0,15,0.848739495798319,0.394957983193277,"rhombus",31,2,30,17,46,79,22,11,85,31,0.364705882352941
136,1,4,5,"isosceles_triangle",1,2,325,0,15,0.890756302521008,0.175,"isosceles_triangle",0,35,12,49,19,91,12,21,59,12,0.203389830508475
136,1,4,6,"square",3,2,355,0,15,0.00847457627118644,0,"square",0,0,1,0,0,228,0,5,1,0,0
